{"type": "FeatureCollection", "features": [{"type": "Feature", "geometry": {"type": "MultiPolygon", "coordinates": [[[[127.14045027931442, 37.47120843266284], [127.14036685250082, 37.47114762294708], [127.1387995950077, 37.471209641041874], [127.13886098139743, 37.4721997714223], [127.1388665723226, 37.47228977506217], [127.13762665028777, 37.47233887275683], [127.13764084980319, 37.472563746590716], [127.13752769755003, 37.472568201692425], [127.13761922487379, 37.47404195576303], [127.14065234779899, 37.473922554498635], [127.14050784777297, 37.471590119723835], [127.14046729421202, 37.47148411942408], [127.14045027931442, 37.47120843266284]]]]}, "properties": {"gosi_year": "2025", "pnu": "4113110800105040000", "jibun": "504대", "bonbun": "504", "bubun": "", "addr": "경기도 성남시 수정구 창곡동 504", "gosi_month": "01", "jiga": "6822000", "단지명": "위례센트럴자이아파트"}}, {"type": "Feature", "geometry": {"type": "MultiPolygon", "coordinates": [[[[127.1407906840134, 37.471222177698294], [127.14083858193918, 37.471996082352014], [127.14192781712462, 37.471953256919285], [127.14187408628018, 37.47108871878476], [127.14134518808241, 37.47110997875678], [127.14121162827304, 37.471141942108325], [127.14086686612713, 37.47115568400078], [127.1407906840134, 37.471222177698294]]]]}, "properties": {"gosi_year": "2025", "pnu": "4113110800105070000", "jibun": "507대", "bonbun": "507", "bubun": "", "addr": "경기도 성남시 수정구 창곡동 507", "gosi_month": "01", "jiga": "7374000", "단지명": "위례보미리즌빌아파트"}}, {"type": "Feature", "geometry": {"type": "MultiPolygon", "coordinates": [[[[127.14674512951838, 37.47368303531492], [127.14664547401044, 37.47207360740272], [127.14653062788642, 37.47207834350539], [127.1465175326476, 37.47185364958839], [127.14538297885017, 37.47190107751779], [127.14537658554158, 37.47180936325895], [127.14531847037726, 37.47086022790244], [127.14530333070594, 37.47086457113698], [127.14524107495616, 37.470881225317726], [127.14517836458667, 37.470896618614795], [127.14511508672825, 37.47091084126489], [127.14505146730026, 37.47092380289243], [127.1449873934334, 37.47093559373417], [127.14492015223293, 37.4709463071818], [127.1448526825154, 37.47095575946482], [127.14478498462812, 37.47096413078292], [127.1447170584021, 37.47097133103564], [127.14464890384033, 37.470977360222584], [127.14458063381892, 37.470982128106535], [127.1445122486846, 37.470985814887285], [127.14390829409723, 37.47100915933543], [127.14377891771008, 37.47104085024637], [127.14343008742247, 37.471054874814634], [127.14335413428687, 37.47112164018972], [127.14352030953911, 37.473810211693106], [127.14674512951838, 37.47368303531492]]]]}, "properties": {"gosi_year": "2025", "pnu": "4113110800105100000", "jibun": "510대", "bonbun": "510", "bubun": "", "addr": "경기도 성남시 수정구 창곡동 510", "gosi_month": "01", "jiga": "6478000", "단지명": "위례35단지아파트"}}, {"type": "Feature", "geometry": {"type": "MultiPolygon", "coordinates": [[[[127.14098482234638, 37.47438307017136], [127.1410124440085, 37.47482903355753], [127.1410533507024, 37.47494116000388], [127.14107048393267, 37.47521801766312], [127.14115425449958, 37.475278556128984], [127.14213015485844, 37.475240097398654], [127.14207431783943, 37.47434006286972], [127.14098482234638, 37.47438307017136]]]]}, "properties": {"gosi_year": "2025", "pnu": "1171010900108970000", "jibun": "897 대", "bonbun": "897", "bubun": "", "addr": "서울특별시 송파구 장지동 897", "gosi_month": "01", "jiga": "9347000", "단지명": "위례중앙푸르지오1단지아파트"}}, {"type": "Feature", "geometry": {"type": "MultiPolygon", "coordinates": [[[[127.13765369726477, 37.474636081871125], [127.13780055368166, 37.477004195939976], [127.13786826828198, 37.47700159501808], [127.13788224350176, 37.47722655900192], [127.14033455165085, 37.4771299092466], [127.14148061045681, 37.47708476863935], [127.14147703118668, 37.47704476840704], [127.14147186933641, 37.47700486014894], [127.14146523813025, 37.476965133830895], [127.14145691163128, 37.47692567982042], [127.14144711561316, 37.476886317649445], [127.1414357375286, 37.476847317751385], [127.14142289026537, 37.47680858989201], [127.14140846077224, 37.47677013420455], [127.14139256244067, 37.47673213075466], [127.14137508221924, 37.47669457967554], [127.1413562460486, 37.47665739059891], [127.14133594121301, 37.47662074385787], [127.14131416771424, 37.4765846394516], [127.14094009725754, 37.47598843805633], [127.14091560284984, 37.47594801197418], [127.14089269002632, 37.475906953319935], [127.14087124590014, 37.47586535232783], [127.14085138385589, 37.475823389065305], [127.14083310355669, 37.475780883333165], [127.14081640516748, 37.47573792523216], [127.14080128902022, 37.475694694962876], [127.1407877549452, 37.47565110242598], [127.1407759159915, 37.47560714748876], [127.14076565943901, 37.47556301048495], [127.1407570981694, 37.47551860118171], [127.14075023234689, 37.47547400967944], [127.14074494891715, 37.475429236111616], [127.14074124821167, 37.47538446067845], [127.14070675411863, 37.47482858312607], [127.14066619684272, 37.474721681957135], [127.14065360961787, 37.47451789012598], [127.13765369726477, 37.474636081871125]]]]}, "properties": {"gosi_year": "2025", "pnu": "1171010900109010000", "jibun": "901 대", "bonbun": "901", "bubun": "", "addr": "서울특별시 송파구 장지동 901", "gosi_month": "01", "jiga": "10750000", "단지명": "송파꿈에그린위례24단지아파트"}}, {"type": "Feature", "geometry": {"type": "MultiPolygon", "coordinates": [[[[127.14230006202676, 37.47433123461732], [127.14235590157637, 37.475231178935466], [127.14325289670646, 37.4751957782581], [127.14332874099237, 37.47512901312155], [127.14327640131135, 37.474292585701626], [127.14230006202676, 37.47433123461732]]]]}, "properties": {"gosi_year": "2025", "pnu": "1171010900108960000", "jibun": "896 대", "bonbun": "896", "bubun": "", "addr": "서울특별시 송파구 장지동 896", "gosi_month": "01", "jiga": "9347000", "단지명": "위례중앙푸르지오2단지아파트"}}, {"type": "Feature", "geometry": {"type": "MultiPolygon", "coordinates": [[[[127.1418595013878, 37.47084573571912], [127.14180832982989, 37.47001903646411], [127.14171451037579, 37.47002257161768], [127.1417011722882, 37.47002312804268], [127.14167449325262, 37.47002270918692], [127.1416478116946, 37.4700209388241], [127.14162135370194, 37.47001781668612], [127.14160834936362, 37.470015489496305], [127.14070608458277, 37.469858429697936], [127.1407423240634, 37.47044241694945], [127.14078287811361, 37.47054877757427], [127.1407996594609, 37.47081986947981], [127.14088399680409, 37.47088401152914], [127.1418595013878, 37.47084573571912]]]]}, "properties": {"gosi_year": "2025", "pnu": "4113110800105300000", "jibun": "530대", "bonbun": "530", "bubun": "", "addr": "경기도 성남시 수정구 창곡동 530", "gosi_month": "01", "jiga": "7374000", "단지명": "위례아트리버푸르지오1단지아파트"}}, {"type": "Feature", "geometry": {"type": "MultiPolygon", "coordinates": [[[[127.14208534813915, 37.47083690775844], [127.14244525585973, 37.4708227838494], [127.14252788183632, 37.4708176396682], [127.14265844234573, 37.470814420392465], [127.14294871961125, 37.47080308110271], [127.14289787420208, 37.46997584133141], [127.14203417393217, 37.47001011850493], [127.14208534813915, 37.47083690775844]]]]}, "properties": {"gosi_year": "2025", "pnu": "4113110800105290000", "jibun": "529대", "bonbun": "529", "bubun": "", "addr": "경기도 성남시 수정구 창곡동 529", "gosi_month": "01", "jiga": "7521000", "단지명": "위례아트리버푸르지오2단지아파트"}}, {"type": "Feature", "geometry": {"type": "MultiPolygon", "coordinates": [[[[127.14677900264383, 37.47427492498958], [127.14355484446367, 37.47440678671557], [127.14359156914271, 37.47499527704688], [127.14359481216222, 37.47503626873466], [127.14359975077679, 37.47507716828312], [127.1436063848185, 37.47511788559201], [127.14361460123932, 37.47515842079708], [127.14362451292205, 37.47519868366198], [127.14363600698884, 37.475238764422286], [127.14364908310093, 37.4752784828775], [127.14366374126064, 37.475317839027205], [127.1436800945215, 37.47535683273469], [127.14369791661262, 37.47539537417141], [127.1437173204166, 37.47543337310065], [127.14373819305476, 37.47547091975772], [127.14391622390832, 37.47575542192514], [127.14686383190265, 37.47563929793816], [127.14682136035232, 37.47495711158143], [127.14677900264383, 37.47427492498958]]]]}, "properties": {"gosi_year": "2025", "pnu": "4145011600106630000", "jibun": "663대", "bonbun": "663", "bubun": "", "addr": "경기도 하남시 학암동 663", "gosi_month": "01", "jiga": "6018000", "단지명": "위례신도시신안인스빌아스트로아파트"}}, {"type": "Feature", "geometry": {"type": "MultiPolygon", "coordinates": [[[[127.13731720791688, 37.46919617121448], [127.13743038724945, 37.471020211216675], [127.13990442192858, 37.47092246425414], [127.14003922456725, 37.47089005042055], [127.14038274216313, 37.47087631240548], [127.14045949017792, 37.47081017870267], [127.1403954024082, 37.469775993074705], [127.13950174885981, 37.46981136814071], [127.13947688141124, 37.46981247837807], [127.1394272534306, 37.4698113650022], [127.13937773286874, 37.46980718807076], [127.13932888478058, 37.46979985682472], [127.1392809354232, 37.46978946110137], [127.13923411105304, 37.469776090738385], [127.13918875113397, 37.469759925542135], [127.1391669165247, 37.469750490448625], [127.13784496488285, 37.46917574149245], [127.13731720791688, 37.46919617121448]]]]}, "properties": {"gosi_year": "2025", "pnu": "4113110800105310000", "jibun": "531대", "bonbun": "531", "bubun": "", "addr": "경기도 성남시 수정구 창곡동 531", "gosi_month": "01", "jiga": "6822000", "단지명": "위례자이아파트"}}, {"type": "Feature", "geometry": {"type": "MultiPolygon", "coordinates": [[[[127.14163537563908, 37.46723415156284], [127.14099098632947, 37.467259691435565], [127.14085754692046, 37.46729201466158], [127.14061170426089, 37.46730167471264], [127.14055098799837, 37.46735508554645], [127.14061668318391, 37.46840269456872], [127.1406257835235, 37.468494496057104], [127.14064809866584, 37.46851933746775], [127.14065774705526, 37.46854086007805], [127.14069755718666, 37.468551445032425], [127.14072763310578, 37.46855519381856], [127.14171789924967, 37.46856852926423], [127.14163537563908, 37.46723415156284]]]]}, "properties": {"gosi_year": "2025", "pnu": "4113110800105650000", "jibun": "565대", "bonbun": "565", "bubun": "", "addr": "경기도 성남시 수정구 창곡동 565", "gosi_month": "01", "jiga": "7809000", "단지명": "위례역푸르지오4단지아파트"}}, {"type": "Feature", "geometry": {"type": "MultiPolygon", "coordinates": [[[[127.14438332943492, 37.477529633140634], [127.14439359332216, 37.47769513470708], [127.14443415700855, 37.477801764228566], [127.14444558849037, 37.47798663590164], [127.14452947775295, 37.47804708169763], [127.14501388390816, 37.478027843701014], [127.14498168308832, 37.477506022746624], [127.14438332943492, 37.477529633140634]]]]}, "properties": {"gosi_year": "2025", "pnu": "1171010900108910000", "jibun": "891 대", "bonbun": "891", "bubun": "", "addr": "서울특별시 송파구 장지동 891", "gosi_month": "01", "jiga": "7449000", "단지명": "위례심포니아아파트"}}, {"type": "Feature", "geometry": {"type": "MultiPolygon", "coordinates": [[[[127.14690243894559, 37.47625202172459], [127.14686383190265, 37.47563929793816], [127.14391622390832, 37.47575542192514], [127.1441235127847, 37.47608683069431], [127.14413689319201, 37.476107988086454], [127.14416195944182, 37.47615093561283], [127.14418544401327, 37.476194425644245], [127.14420734690414, 37.476238458181655], [127.14422755505952, 37.47628303336244], [127.14424606830549, 37.47632806108753], [127.14426288646798, 37.47637345125774], [127.14427789666276, 37.476419294110336], [127.1442913246497, 37.476465409172874], [127.14430294449159, 37.476511886819125], [127.14431275601379, 37.47655863694957], [127.14432087209472, 37.47660556932818], [127.1443271796781, 37.47665268409185], [127.14433179164233, 37.47669989100427], [127.14433319320045, 37.47672349555343], [127.14437086785048, 37.477332076590514], [127.14696278225951, 37.4772298946159], [127.14692136282113, 37.476566538120906], [127.14680877072793, 37.476571181622305], [127.14678883699999, 37.476260360556246], [127.14681133254187, 37.476259341796336], [127.14690243894559, 37.47625202172459]]]]}, "properties": {"gosi_year": "2025", "pnu": "4145011600106620000", "jibun": "662대", "bonbun": "662", "bubun": "", "addr": "경기도 하남시 학암동 662", "gosi_month": "01", "jiga": "5900000", "단지명": "위례센트로엘아파트"}}, {"type": "Feature", "geometry": {"type": "MultiPolygon", "coordinates": [[[[127.134000309956, 37.472391287727426], [127.13393910102782, 37.471401424905835], [127.13340511075764, 37.47142238474823], [127.1332713215269, 37.47145469978396], [127.13301732557572, 37.47146471353203], [127.13301273849557, 37.47155653079645], [127.13300374230721, 37.471648172764866], [127.13299022347529, 37.471739369261726], [127.13297218214134, 37.47183021038573], [127.13294984375038, 37.47192033548303], [127.13292298203741, 37.47200965470258], [127.13289182307976, 37.47209816779004], [127.13285625318622, 37.47218551446742], [127.13283003786731, 37.47225672279454], [127.13280778055197, 37.4723287376198], [127.13278959414008, 37.472401468719674], [127.13277559153242, 37.47247482587042], [127.1327656592212, 37.47254853889883], [127.13275991026543, 37.472622607680336], [127.13275845725211, 37.47269676178978], [127.1327611869891, 37.47277091125274], [127.13277618430477, 37.47300776811077], [127.13279153157653, 37.47325075138404], [127.13287244710881, 37.47452729146609], [127.13427327147961, 37.474282275229534], [127.13457140460626, 37.47423013229121], [127.13474409316686, 37.4742011056529], [127.13491746501417, 37.47417496119767], [127.13509140711805, 37.47415169905022], [127.13526603270785, 37.47413140918013], [127.13544111570505, 37.47411409184063], [127.13561665613011, 37.47409974702966], [127.13579254095424, 37.47408837487366], [127.13596865698743, 37.474079885399576], [127.1367987210603, 37.474047222758415], [127.13670906710904, 37.472600405867915], [127.13653984726623, 37.47260708656059], [127.13652576392484, 37.47238212236045], [127.13400578202199, 37.47248129173219], [127.134000309956, 37.472391287727426]]]]}, "properties": {"gosi_year": "2025", "pnu": "4113110800105000000", "jibun": "500대", "bonbun": "500", "bubun": "", "addr": "경기도 성남시 수정구 창곡동 500", "gosi_month": "01", "jiga": "6753000", "단지명": "위례31단지아파트"}}, {"type": "Feature", "geometry": {"type": "MultiPolygon", "coordinates": [[[[127.13539779585416, 37.47162989733123], [127.13504138696841, 37.471643815624574], [127.13502380990529, 37.471358668182006], [127.13443574321089, 37.471381847159606], [127.1344121635612, 37.471382774682326], [127.13393910102782, 37.471401424905835], [127.134000309956, 37.472391287727426], [127.13544155836819, 37.47233461186395], [127.13539779585416, 37.47162989733123]]]]}, "properties": {"gosi_year": "2025", "pnu": "4113110800105010000", "jibun": "501대", "bonbun": "501", "bubun": "", "addr": "경기도 성남시 수정구 창곡동 501", "gosi_month": "01", "jiga": "6405000", "단지명": "성남위례LH36단지아파트"}}, {"type": "Feature", "geometry": {"type": "MultiPolygon", "coordinates": [[[[127.14746205921449, 37.47204124682322], [127.14751828204703, 37.47293298940941], [127.1475742817303, 37.47382554300982], [127.14877477097079, 37.47377819208532], [127.1489084445596, 37.47374585965609], [127.14935947470765, 37.47372781678376], [127.14947402310618, 37.473628202787225], [127.14937069986135, 37.47196553256364], [127.14763229382416, 37.47203436903596], [127.14746205921449, 37.47204124682322]]]]}, "properties": {"gosi_year": "2025", "pnu": "4113110800105120000", "jibun": "512대", "bonbun": "512", "bubun": "", "addr": "경기도 성남시 수정구 창곡동 512", "gosi_month": "01", "jiga": "6664000", "단지명": "위례자이더시티아파트"}}, {"type": "Feature", "geometry": {"type": "MultiPolygon", "coordinates": [[[[127.14162709799413, 37.46709919110737], [127.14160239441901, 37.466702959196155], [127.14160043276028, 37.46668151764509], [127.14159677569882, 37.46666016820391], [127.14159164964833, 37.466639090804726], [127.14158482836594, 37.46661819561514], [127.14157642539512, 37.46659775280133], [127.1415664405691, 37.466577672262794], [127.14155510046896, 37.4665582240316], [127.14154217885165, 37.46653931827511], [127.14152790196191, 37.466521044825136], [127.14105887936049, 37.465959013127026], [127.14058368492005, 37.46621095320285], [127.14056776332426, 37.46621998197086], [127.14055297426863, 37.46623018070853], [127.14053931725229, 37.46624127911593], [127.14052701851719, 37.4662533670276], [127.14051596452555, 37.46626617427653], [127.14050649455719, 37.46627979056436], [127.14049849524149, 37.46629403582414], [127.14049207928318, 37.46630872972298], [127.1404873595539, 37.46632378202804], [127.14048433605464, 37.46633919273954], [127.1404830082861, 37.466354691557235], [127.14048337624932, 37.466370278481115], [127.14048543961187, 37.46638577331096], [127.14049115704023, 37.46642117601574], [127.14049517924003, 37.46645676091435], [127.14049773228484, 37.46649252774104], [127.14050938734687, 37.46668226531512], [127.1405498258144, 37.46678853612563], [127.14056835725357, 37.46708998998671], [127.14063536603432, 37.46713838509113], [127.14162709799413, 37.46709919110737]]]]}, "properties": {"gosi_year": "2025", "pnu": "4113110800105640000", "jibun": "564대", "bonbun": "564", "bubun": "", "addr": "경기도 성남시 수정구 창곡동 564", "gosi_month": "01", "jiga": "7300000", "단지명": "위례역푸르지오5단지아파트"}}, {"type": "Feature", "geometry": {"type": "MultiPolygon", "coordinates": [[[[127.13818502179825, 37.47854068032198], [127.13821575599265, 37.478593353353574], [127.13824773302768, 37.478645574437834], [127.13828083968497, 37.47869725360464], [127.13831507629452, 37.47874857105304], [127.13919215445993, 37.4800346327281], [127.1416745109692, 37.47993683892142], [127.1416017988173, 37.47877769691977], [127.14156215231722, 37.478676020861286], [127.1415496745145, 37.478471958835385], [127.14146590022503, 37.478411510790515], [127.13818502179825, 37.47854068032198]]]]}, "properties": {"gosi_year": "2025", "pnu": "1171010900108790000", "jibun": "879 대", "bonbun": "879", "bubun": "", "addr": "서울특별시 송파구 장지동 879", "gosi_month": "01", "jiga": "10750000", "단지명": "송파더센트레아파트"}}, {"type": "Feature", "geometry": {"type": "MultiPolygon", "coordinates": [[[[127.13272892734548, 37.47524370248507], [127.13273732184294, 37.4753247833412], [127.13275204723413, 37.47540585716472], [127.13277321485772, 37.47548593272742], [127.13280059847285, 37.475564920177], [127.13283419730962, 37.4756423690091], [127.1328737846509, 37.4757179190697], [127.13291924714426, 37.47579139027854], [127.13297035806787, 37.47586242248033], [127.13302700406489, 37.47593083559365], [127.13308884519806, 37.47599617948815], [127.13502432218127, 37.47791350258817], [127.13507415028782, 37.477960568660066], [127.13512668825416, 37.47800564944311], [127.1351818230256, 37.47804874506158], [127.13523955444168, 37.47808976541193], [127.13529954301433, 37.478128530674425], [127.13536178874159, 37.47816504084576], [127.13542606518855, 37.47819911597867], [127.13549237235173, 37.47823075606986], [127.13556037089936, 37.47825987140079], [127.13563017372115, 37.47828637174028], [127.13570132858896, 37.47831025759871], [127.13577383533537, 37.47833143887375], [127.13584758089793, 37.478349915691425], [127.13592222594094, 37.478365598335344], [127.13599788335083, 37.478378396575145], [127.1360741010577, 37.478388401023906], [127.13615076583581, 37.478395521709395], [127.13622787751466, 37.47839966853079], [127.1363050972413, 37.478401022074095], [127.13638231162747, 37.4783994022682], [127.13688582770402, 37.478379635176225], [127.13701974075681, 37.478347315935885], [127.13721418313446, 37.47833961448817], [127.13717975851137, 37.478246310263614], [127.13714827211358, 37.4781522818538], [127.1371197240938, 37.47805761936094], [127.13709411476714, 37.47796250298707], [127.13707144396018, 37.477866842634214], [127.13705182504246, 37.47777081837427], [127.13703525800261, 37.47767443020875], [127.13702162977454, 37.4775776782686], [127.1370110537268, 37.477480742625154], [127.13700352984775, 37.4773836232793], [127.13700154974464, 37.477351396721865], [127.13683198000744, 37.477358051207005], [127.1368125321159, 37.477043083301986], [127.1369820898705, 37.47703644687873], [127.13683875891367, 37.47472207251898], [127.13600857434665, 37.47475473558064], [127.13579097176482, 37.47476579506891], [127.13557394354208, 37.47478198921647], [127.13535760236338, 37.47480313769842], [127.13520354672859, 37.47482133212828], [127.13505006091945, 37.4748421386192], [127.13489714476027, 37.474865467073435], [127.1347513529296, 37.47489004870005], [127.13445321730957, 37.47494219209126], [127.13272892734548, 37.47524370248507]]]]}, "properties": {"gosi_year": "2025", "pnu": "1171010900109050000", "jibun": "905 대", "bonbun": "905", "bubun": "", "addr": "서울특별시 송파구 장지동 905", "gosi_month": "01", "jiga": "10420000", "단지명": "위례포레샤인23단지아파트"}}, {"type": "Feature", "geometry": {"type": "MultiPolygon", "coordinates": [[[[127.1502687979485, 37.47396280121209], [127.14956218246718, 37.47399125926166], [127.1481334608792, 37.47404755120523], [127.14798927353752, 37.47408025619029], [127.14758843060868, 37.4740960694013], [127.14772031218497, 37.47621920725931], [127.14899194427, 37.47616906306513], [127.14905863899664, 37.47616582630288], [127.14912510477743, 37.476161148186286], [127.14919145501558, 37.47615520877434], [127.1492575763006, 37.476147828008685], [127.14932346898368, 37.47613918608969], [127.14938913270656, 37.47612910281774], [127.14945434153846, 37.476117668576286], [127.1495192088837, 37.476105063424384], [127.14958362133164, 37.47609110730432], [127.1496475788791, 37.47607580021685], [127.14971108170073, 37.4760592322627], [127.14977390368928, 37.47604140372621], [127.14983627094644, 37.47602231432471], [127.14989795736503, 37.47600196434282], [127.14995896294258, 37.475980353781594], [127.15001928785483, 37.47595757274201], [127.15007881886925, 37.47593353126734], [127.15013766903557, 37.47590822921655], [127.15019561260453, 37.475881847075016], [127.1502526492176, 37.47585420464414], [127.1503088922819, 37.47582548198283], [127.15036411569224, 37.47579567937696], [127.15041843214183, 37.47576461648566], [127.15057064918592, 37.47567540560695], [127.15056678878938, 37.47566703116018], [127.150555546223, 37.47564163709144], [127.15054464085114, 37.47561525149431], [127.15053441325948, 37.47558859474081], [127.15052486380524, 37.47556184703096], [127.1505159923089, 37.475534918265026], [127.15050791199991, 37.475507898400544], [127.15050039659596, 37.47548069762281], [127.15049367237796, 37.47545340574676], [127.15048773934512, 37.475426022772645], [127.15048157753183, 37.475397288583814], [127.15047609099071, 37.475367021840235], [127.15047139581212, 37.47533675409869], [127.15046749163751, 37.47530630515936], [127.15046449169586, 37.475275764979834], [127.1504623963436, 37.47524531376001], [127.15040447270265, 37.47431257951216], [127.15036356097234, 37.47420478111817], [127.15035268737893, 37.4740232429151], [127.1502687979485, 37.47396280121209]]]]}, "properties": {"gosi_year": "2025", "pnu": "4145011600106710000", "jibun": "671대", "bonbun": "671", "bubun": "", "addr": "경기도 하남시 학암동 671", "gosi_month": "01", "jiga": "5900000", "단지명": "플로리체위례아파트"}}, {"type": "Feature", "geometry": {"type": "MultiPolygon", "coordinates": [[[[127.14183043523262, 37.46672557413762], [127.14186739603932, 37.466724088642], [127.14206633594102, 37.466961446743866], [127.14206763637556, 37.46699189910409], [127.14208628623146, 37.466991066018714], [127.14212358509828, 37.4669889493386], [127.1421607685614, 37.46698557137962], [127.1421977237492, 37.466981022376594], [127.14223433762133, 37.46697530246432], [127.14227072304595, 37.46696832140839], [127.14230665411294, 37.46696016957841], [127.14234213082086, 37.466950846974875], [127.14237704012966, 37.46694035373286], [127.14241149507646, 37.46692868971813], [127.14244526975197, 37.466915945300784], [127.14247836415508, 37.46690212048143], [127.14251066507707, 37.46688712529535], [127.14254217285539, 37.46687113994343], [127.14325281434223, 37.46649448132617], [127.14264499534487, 37.46576593670033], [127.1425423317056, 37.465691906682494], [127.14228606621928, 37.46538469976392], [127.1421752574815, 37.465367081937146], [127.14124712688901, 37.46585922982714], [127.14171547254963, 37.4664215318911], [127.14173269652542, 37.466444126637626], [127.141749355659, 37.46646690225244], [127.14176465952632, 37.46649031017551], [127.14177747825225, 37.46651462204932], [127.14178894137281, 37.46653938603232], [127.1417995008704, 37.466564511488045], [127.14180870425547, 37.466589818753285], [127.14181576076538, 37.46661557906808], [127.14182112221368, 37.46664161169583], [127.14182580560524, 37.466667735228555], [127.14182811570339, 37.466694131879805], [127.14183043523262, 37.46672557413762]]]]}, "properties": {"gosi_year": "2025", "pnu": "4113110800105630000", "jibun": "563대", "bonbun": "563", "bubun": "", "addr": "경기도 성남시 수정구 창곡동 563", "gosi_month": "01", "jiga": "7300000", "단지명": "위례역푸르지오6단지아파트"}}, {"type": "Feature", "geometry": {"type": "MultiPolygon", "coordinates": [[[[127.15025300478771, 37.471840357313845], [127.15020326321329, 37.47104069018689], [127.15016191340683, 37.47036805373575], [127.15011776460288, 37.47022268744629], [127.15010734438562, 37.4700411485263], [127.15002402393715, 37.46998025538768], [127.14825401521854, 37.47005058230433], [127.14818630920328, 37.47005418026742], [127.1481188319071, 37.4700591294119], [127.14805158315046, 37.47006533963813], [127.14798445006272, 37.47007290118668], [127.14791754550771, 37.47008172381765], [127.14785098252545, 37.47009180739145], [127.1477847612883, 37.47010324200867], [127.14772566281196, 37.47011520837792], [127.14766701877029, 37.470128345458946], [127.1476087157668, 37.470142473192176], [127.1475508671932, 37.470157771638426], [127.14749347269675, 37.47017406059835], [127.14743664566913, 37.47019152013301], [127.14738750136773, 37.47020680775078], [127.14725390915258, 37.470278151786694], [127.14699056525666, 37.47036136850489], [127.14703858009432, 37.4704631226791], [127.14708433505625, 37.470565330117], [127.14712771796393, 37.47066844146074], [127.14716850202124, 37.470772096591375], [127.1472068002628, 37.47087629537223], [127.14724261267907, 37.470981037805686], [127.14727593943539, 37.4710864139941], [127.14730666712731, 37.47119224387893], [127.14733502183452, 37.47129852718319], [127.14736066423669, 37.47140517422712], [127.1473838204135, 37.47151218473343], [127.1474044905297, 37.47161964880356], [127.14742233473734, 37.4717272064575], [127.14761280259586, 37.47171967301305], [127.14762669241043, 37.471944365828584], [127.15025300478771, 37.471840357313845]]]]}, "properties": {"gosi_year": "2025", "pnu": "4113110800105140000", "jibun": "514대", "bonbun": "514", "bubun": "", "addr": "경기도 성남시 수정구 창곡동 514", "gosi_month": "01", "jiga": "6670000", "단지명": "위례자이더파크아파트"}}, {"type": "Feature", "geometry": {"type": "MultiPolygon", "coordinates": [[[[127.1431152657327, 37.4783464757194], [127.1432616041648, 37.48070422046626], [127.14353258764075, 37.48069353357358], [127.14430619590394, 37.48066304841781], [127.14429426446921, 37.48047096941124], [127.14418187034556, 37.47866198484368], [127.14416579291611, 37.47861992749082], [127.14414108026519, 37.47855526542439], [127.14413998397794, 37.47853760712089], [127.14412964961346, 37.47837048383838], [127.14404609896332, 37.478309767053055], [127.1431152657327, 37.4783464757194]]]]}, "properties": {"gosi_year": "2025", "pnu": "1171010900108840000", "jibun": "884 대", "bonbun": "884", "bubun": "", "addr": "서울특별시 송파구 장지동 884", "gosi_month": "01", "jiga": "9637000", "단지명": "위례2차아이파크아파트"}}, {"type": "Feature", "geometry": {"type": "MultiPolygon", "coordinates": [[[[127.14193215949464, 37.47842005776052], [127.14185631081554, 37.478486912072285], [127.14199690039197, 37.48075402448458], [127.14276485747783, 37.480723826438194], [127.14303584109895, 37.48071314068448], [127.14288950974047, 37.4783553956473], [127.14241391857261, 37.4783742540251], [127.14227706836263, 37.47840658287545], [127.14193215949464, 37.47842005776052]]]]}, "properties": {"gosi_year": "2025", "pnu": "1171010900108830000", "jibun": "883 대", "bonbun": "883", "bubun": "", "addr": "서울특별시 송파구 장지동 883", "gosi_month": "01", "jiga": "9637000", "단지명": "힐스테이트송파위례아파트"}}, {"type": "Feature", "geometry": {"type": "MultiPolygon", "coordinates": [[[[127.13919215445993, 37.4800346327281], [127.13923931353287, 37.480103684561875], [127.13965400128625, 37.48071173665442], [127.13969549529997, 37.48077376711181], [127.13973552093667, 37.48083652007243], [127.13977419075529, 37.480899725105665], [127.13981150491928, 37.48096347231284], [127.13984723730641, 37.481027761959886], [127.13988172709301, 37.481092593651056], [127.13991463476441, 37.48115778758489], [127.13994607370938, 37.481223523830074], [127.1399760437586, 37.481289712287854], [127.14000465780259, 37.48135626272691], [127.14020986961641, 37.48184941014408], [127.14149721950548, 37.481928441545904], [127.14179737541164, 37.48191664286658], [127.14177837435687, 37.48161059541994], [127.1416745109692, 37.47993683892142], [127.13919215445993, 37.4800346327281]]]]}, "properties": {"gosi_year": "2025", "pnu": "1171010900108780000", "jibun": "878 대", "bonbun": "878", "bubun": "", "addr": "서울특별시 송파구 장지동 878", "gosi_month": "01", "jiga": "9352000", "단지명": "위례송파푸르지오아파트"}}, {"type": "Feature", "geometry": {"type": "MultiPolygon", "coordinates": [[[[127.14666682714872, 37.46505089449248], [127.14645155863529, 37.46479175980897], [127.14676908899881, 37.46462342291342], [127.14676150571661, 37.464618296513954], [127.14672302693398, 37.46459410680586], [127.1466837586734, 37.46457081905837], [127.1466435878991, 37.46454843340952], [127.14660262781953, 37.4645270398198], [127.14656087843375, 37.46450663828837], [127.1465183397407, 37.464487228814384], [127.14647512494801, 37.464468901358565], [127.14643123388049, 37.46445156581996], [127.14638677974548, 37.464435312159445], [127.14634164933277, 37.46442005041481], [127.1462959560233, 37.46440596064702], [127.14624981267619, 37.46439295261688], [127.14620310625496, 37.46438102646232], [127.14616182985152, 37.464371346152056], [127.14612021608987, 37.464362567243704], [127.14607826531555, 37.46435486993714], [127.14603609021471, 37.464348073893504], [127.14599369113256, 37.46434235931286], [127.14595106789399, 37.46433763609483], [127.14499074507218, 37.4642305953482], [127.14494145344263, 37.464226150162474], [127.14489216319517, 37.46422242575733], [127.14484276146587, 37.46421951237004], [127.14479324962866, 37.46421813080162], [127.14474362733672, 37.464218100851674], [127.14469412014078, 37.46421915194569], [127.14464461534786, 37.46422146442107], [127.14459533885261, 37.46422494790396], [127.14454606458388, 37.464229602668205], [127.14449701860833, 37.46423542844033], [127.1444483141296, 37.46424251518406], [127.14439983793945, 37.464250772936325], [127.1443517028989, 37.464260111460646], [127.14430390934852, 37.464270710957734], [127.1442565699781, 37.4642823910912], [127.14420968495702, 37.46429524196167], [127.14416359355828, 37.464309353260575], [127.14411795633393, 37.46432454519773], [127.14407299918047, 37.46434072740074], [127.14402849619835, 37.46435799024324], [127.14398478631892, 37.4643762432167], [127.14394153009519, 37.46439530653043], [127.14389929355407, 37.46441563000467], [127.14385762404274, 37.464436943884714], [127.1429868810029, 37.46489876264572], [127.14289321627628, 37.46498104625051], [127.14276053130813, 37.46505130297665], [127.14335950849183, 37.465769135773975], [127.14395872304551, 37.466486875051594], [127.14666682714872, 37.46505089449248]]]]}, "properties": {"gosi_year": "2025", "pnu": "4113110800105720000", "jibun": "572대", "bonbun": "572", "bubun": "", "addr": "경기도 성남시 수정구 창곡동 572", "gosi_month": "01", "jiga": "5900000", "단지명": "힐스테이트위례아파트"}}, {"type": "Feature", "geometry": {"type": "MultiPolygon", "coordinates": [[[[127.14560449395691, 37.4684560943548], [127.14560981189032, 37.468458700779], [127.14561998400785, 37.46845787747277], [127.146191384686, 37.46844645738104], [127.14682675771806, 37.46843054096746], [127.14826073285765, 37.468398044811984], [127.14847878134562, 37.4683941698348], [127.14835460060284, 37.468247010228936], [127.14784313046079, 37.46762919622339], [127.14887151663164, 37.46708524425248], [127.14887094984645, 37.46708443405645], [127.14889613130886, 37.467071067809165], [127.1478275658762, 37.46579089877935], [127.14683939109197, 37.46631406926144], [127.14611846690252, 37.46544990033401], [127.14402137543469, 37.46656185308521], [127.14412639985943, 37.466687146037586], [127.14424343067923, 37.46682503843783], [127.14544824757964, 37.46826689394782], [127.14560042051039, 37.46845402701478], [127.14560449395691, 37.4684560943548]]]]}, "properties": {"gosi_year": "2025", "pnu": "4113110800105670000", "jibun": "567대", "bonbun": "567", "bubun": "", "addr": "경기도 성남시 수정구 창곡동 567", "gosi_month": "01", "jiga": "5964000", "단지명": "위례래미안이편한세상아파트"}}, {"type": "Feature", "geometry": {"type": "MultiPolygon", "coordinates": [[[[127.15068981584272, 37.47397389340269], [127.15061409304901, 37.474041023517934], [127.15068836992695, 37.47523728009514], [127.15069023138948, 37.47526376719826], [127.15069277115985, 37.475290253444875], [127.15069610211083, 37.47531664859239], [127.15070022424324, 37.47534295264061], [127.15070502450673, 37.47536916573224], [127.15071095797242, 37.47539672889549], [127.1507167767793, 37.47542348130147], [127.1507234996428, 37.47545005236515], [127.15073101351234, 37.47547644222914], [127.1507392055165, 37.47550274113597], [127.15074818852828, 37.47552885884282], [127.15075796254838, 37.47555479534951], [127.15076841470525, 37.4755806408985], [127.15078011151158, 37.47560702547537], [127.1507928284785, 37.47563476026481], [127.15080644950955, 37.47566231371022], [127.15082074850234, 37.47568968609699], [127.15083583815063, 37.475716697082056], [127.15085171863439, 37.475743436765136], [127.15086827690249, 37.475769905288765], [127.15088562600728, 37.475796102509754], [127.15090376577005, 37.47582193832787], [127.15092258313943, 37.475847412885614], [127.15094207811595, 37.4758725261827], [127.15096236393127, 37.47589736817576], [127.1509833271751, 37.47592175880753], [127.15100496820668, 37.47594587827747], [127.15182774067416, 37.47683781724879], [127.15193957812444, 37.47685146025735], [127.15332837870649, 37.47603716092994], [127.15335886579689, 37.47601883142456], [127.15339036760683, 37.47599914910463], [127.153421303228, 37.47597901700328], [127.15345167247787, 37.47595834502103], [127.15348181524202, 37.4759374931218], [127.15351150505153, 37.4759162813968], [127.15354085477581, 37.475894619600965], [127.15356975154525, 37.47587259797998], [127.15359819554241, 37.475850306634065], [127.15362618640216, 37.475827565363694], [127.15365372448969, 37.47580455436906], [127.15368080962246, 37.47578118355052], [127.15370744180045, 37.475757452908425], [127.15373362120644, 37.47573345254297], [127.15375934765797, 37.475709092354506], [127.15378462115495, 37.47568437234339], [127.15380932882874, 37.475659382755474], [127.15383358354835, 37.475634033345465], [127.15385727262813, 37.47560850445929], [127.15388028228533, 37.47558243584326], [127.15390306564072, 37.475556277414334], [127.15392528317422, 37.47552984941016], [127.15394693488619, 37.47550315183113], [127.15396802059406, 37.475476094577544], [127.1539887667667, 37.47544885755778], [127.15400883406764, 37.47542135110989], [127.15402844878275, 37.475393665042205], [127.15404738444396, 37.475365619447], [127.15406586752025, 37.475337394232554], [127.15408378496093, 37.47530898954504], [127.1541011365833, 37.475280315284785], [127.15411330323302, 37.475259216132535], [127.15412501840478, 37.47523847796272], [127.15414033471176, 37.47520962612458], [127.15415542453869, 37.475180594376496], [127.15416994891643, 37.47515147325666], [127.15418424699807, 37.47512226232711], [127.15419764011267, 37.47509278226441], [127.15421058046397, 37.475063032484606], [127.15422284250097, 37.475033283579805], [127.15423453890847, 37.47500335520426], [127.15424566968707, 37.474973247358115], [127.15425623483735, 37.47494296004154], [127.15426623472669, 37.47491267345455], [127.15427555593851, 37.47488220754354], [127.15428476390905, 37.474851651677874], [127.1542928410017, 37.47482091707307], [127.15430023978595, 37.474790183344595], [127.15430707294605, 37.47475927014644], [127.1543137930503, 37.47472835709395], [127.15431960838086, 37.47469726501051], [127.15432497150613, 37.4746661735114], [127.15432954327642, 37.47463508303528], [127.15433366265948, 37.47460390304368], [127.15433710355573, 37.474572633829034], [127.15433997901609, 37.47454127524517], [127.15434228940805, 37.47451000749209], [127.15434403436547, 37.47447865036991], [127.1543451010227, 37.47444729412478], [127.15434548938059, 37.47441593875674], [127.15434542553945, 37.474384583973325], [127.15434468321696, 37.474353139967114], [127.15434337583058, 37.4743217867917], [127.15434138849696, 37.47428962359374], [127.15433859532655, 37.4742503435226], [127.15429938179463, 37.47414650870737], [127.1542817456382, 37.47386857240501], [127.15419706225155, 37.47380831471859], [127.15128446684209, 37.47392286531856], [127.15115215020043, 37.47395501851534], [127.15068981584272, 37.47397389340269]]]]}, "properties": {"gosi_year": "2025", "pnu": "4145011600106720000", "jibun": "672대", "bonbun": "672", "bubun": "", "addr": "경기도 하남시 학암동 672", "gosi_month": "01", "jiga": "5900000", "단지명": "위례롯데캐슬아파트"}}, {"type": "Feature", "geometry": {"type": "MultiPolygon", "coordinates": [[[[127.14450657737684, 37.47937869928424], [127.14449809859629, 37.4793789798446], [127.14462966901735, 37.481498245378845], [127.14465369762317, 37.48188519614957], [127.14724622110819, 37.48178300716675], [127.14716781074324, 37.480529361048774], [127.14708962953034, 37.479275894526545], [127.14563345213504, 37.479335613906095], [127.14450657737684, 37.47937869928424]]]]}, "properties": {"gosi_year": "2025", "pnu": "1171010900108850000", "jibun": "885 대", "bonbun": "885", "bubun": "", "addr": "서울특별시 송파구 장지동 885", "gosi_month": "01", "jiga": "9911000", "단지명": "위례스타힐스아파트"}}, {"type": "Feature", "geometry": {"type": "MultiPolygon", "coordinates": [[[[127.154184731398, 37.47177533644354], [127.15048536357699, 37.47192196573563], [127.15049049763522, 37.472002598970136], [127.15057320955347, 37.47334976325762], [127.15061434774799, 37.47345783160976], [127.15062522582524, 37.47364135200464], [127.15070934074187, 37.473701522872695], [127.15360248469501, 37.47358728178752], [127.15373649553952, 37.47355521376432], [127.15376012083927, 37.47355428232678], [127.15421668797961, 37.47353621378296], [127.15429240740256, 37.47346926156151], [127.15419154953092, 37.47184830882062], [127.15418865943082, 37.47181686757459], [127.15418588164593, 37.47178506578233], [127.154184731398, 37.47177533644354]]]]}, "properties": {"gosi_year": "2025", "pnu": "4113110800105150000", "jibun": "515대", "bonbun": "515", "bubun": "", "addr": "경기도 성남시 수정구 창곡동 515", "gosi_month": "01", "jiga": "6600000", "단지명": "위례호반써밋에비뉴아파트"}}, {"type": "Feature", "geometry": {"type": "MultiPolygon", "coordinates": [[[[127.15111785387495, 37.47180664931329], [127.15417200082408, 37.47168561306016], [127.15416719684205, 37.47165804859509], [127.15416080198128, 37.47162643167424], [127.15415384226483, 37.47159499568294], [127.15414688255424, 37.47156355969106], [127.15413879257865, 37.47153221525861], [127.15413002452091, 37.47150096180139], [127.15412080465556, 37.471469889127256], [127.15411079366416, 37.47143890757409], [127.15410033068329, 37.47140801670369], [127.15408918980638, 37.471377306908], [127.15407759694118, 37.47134668779479], [127.15406521331917, 37.47131634000181], [127.15405226466507, 37.471286083036944], [127.15403875097965, 37.47125591690001], [127.15402444653957, 37.471226022082625], [127.15400980334229, 37.47119630790096], [127.15399448225354, 37.4711667747925], [127.15397848327392, 37.471137422756975], [127.15396248448988, 37.471108160819114], [127.15394569477112, 37.4710790800996], [127.1539277753503, 37.47105036123562], [127.15390940449629, 37.47102200335188], [127.1538906947053, 37.4709937360024], [127.15387142007134, 37.47096564957852], [127.15385158077781, 37.47093783418003], [127.15383128986953, 37.47091028966083], [127.15381032125794, 37.4708830163122], [127.15378890103236, 37.47085601384234], [127.1537672549162, 37.470829101759726], [127.1537449312806, 37.470802550946814], [127.15372170421996, 37.47077645179438], [127.1536980255466, 37.470750623519535], [127.15367378239903, 37.470725156367685], [127.15364886173333, 37.47070005048392], [127.15362371536122, 37.47067512508579], [127.15359834328272, 37.470650380173176], [127.15357251959226, 37.47062590613683], [127.15354624447251, 37.4706017930765], [127.15351951774102, 37.470577950891865], [127.15349211367496, 37.47055456007342], [127.15346425836215, 37.470531620329936], [127.15343595143791, 37.47050895146118], [127.15340719308462, 37.470486643566765], [127.153377870623, 37.470464876991656], [127.15334820959377, 37.47044338114494], [127.15331843553774, 37.470421885435925], [127.15328809737322, 37.47040093104528], [127.15325730796151, 37.47038042772746], [127.15322595462291, 37.47036055582731], [127.15319426253414, 37.470340864554025], [127.15316223224124, 37.47032162420741], [127.15312975070033, 37.47030283493231], [127.15309693095472, 37.47028449658325], [127.15306388568382, 37.47026642881502], [127.15303038898223, 37.47024872201728], [127.15299655425686, 37.47023155624479], [127.15296238132552, 37.470214841397286], [127.15292798304942, 37.470198487229574], [127.15289324638493, 37.47018249388629], [127.15285817151333, 37.47016695146716], [127.15282287129591, 37.47015176972712], [127.1527871201904, 37.47013721925547], [127.15275103105787, 37.470123209807085], [127.15271482962137, 37.470109560892354], [127.15267828979395, 37.47009627280035], [127.1526414123008, 37.47008370593091], [127.15260430945884, 37.470071499739106], [127.15256709431088, 37.47005965408016], [127.15252965381325, 37.47004816909846], [127.15249210082746, 37.47003695454939], [127.15245421035378, 37.470026551321745], [127.15241609452877, 37.4700165087707], [127.15237775371402, 37.47000700709611], [127.15233930077088, 37.46999795605347], [127.15230062283663, 37.46998944588695], [127.15226183277265, 37.46998138635205], [127.15222293057823, 37.469973777448736], [127.15218380302888, 37.46996652922095], [127.15214456370946, 37.46995991182446], [127.15210521225758, 37.469953745059115], [127.1520663146104, 37.4699483886049], [127.15200729079488, 37.46994080526341], [127.15189286454589, 37.46992761608945], [127.15170552417051, 37.46991379869382], [127.1515499925118, 37.46992174488385], [127.15155207716508, 37.469946700009416], [127.1515539987165, 37.46994660746948], [127.15158729774076, 37.4704877073282], [127.15158605443855, 37.470487799007394], [127.15161712178607, 37.470986734727035], [127.15106821902906, 37.47100842402266], [127.15109811698117, 37.47148943137001], [127.15111785387495, 37.47180664931329]]]]}, "properties": {"gosi_year": "2025", "pnu": "4113110800105190000", "jibun": "519대", "bonbun": "519", "bubun": "", "addr": "경기도 성남시 수정구 창곡동 519", "gosi_month": "01", "jiga": "6414000", "단지명": "위례센트럴푸르지오아파트"}}, {"type": "Feature", "geometry": {"type": "MultiPolygon", "coordinates": [[[[127.15064299078755, 37.466934536789005], [127.15120792618892, 37.4666347796158], [127.15155884642769, 37.46705537333198], [127.15160425674894, 37.46726588007722], [127.15304850153325, 37.46706905994577], [127.15308183794362, 37.46706406167839], [127.15310409946981, 37.46706051921308], [127.15312602151398, 37.46705679697851], [127.15314782851567, 37.4670520837841], [127.15316952138402, 37.46704683013033], [127.15319053310513, 37.46704013574196], [127.15321018435391, 37.467031460889494], [127.15322938162305, 37.467021885613526], [127.15324778616034, 37.467011590549866], [127.15326596370485, 37.46700084527324], [127.1532836883614, 37.466989740174235], [127.15330028062347, 37.46697764542363], [127.15331596693244, 37.46696474093168], [127.15333018173129, 37.46695084722462], [127.15334269912549, 37.46693605469352], [127.15335431093156, 37.4669206326225], [127.15371446026847, 37.4664226354312], [127.15379685418918, 37.466305849382245], [127.15381849342863, 37.46627428638616], [127.1538791123276, 37.46617798110995], [127.1538846348844, 37.46616995506156], [127.1538901578057, 37.466162109213016], [127.15389590734911, 37.466154533372986], [127.15390131960807, 37.46614785897075], [127.1534190392714, 37.46550264076234], [127.15340952180027, 37.46549157065527], [127.15339853795844, 37.46548203413759], [127.15338620151107, 37.46547439146397], [127.15337217170871, 37.46546783216893], [127.15335712767991, 37.46546280588094], [127.15334163569837, 37.46545985247402], [127.15332546841516, 37.46545834153783], [127.15330919192145, 37.465458722846606], [127.15329348479796, 37.46546117572938], [127.1532783463149, 37.46546533978613], [127.15326400272608, 37.465471304826735], [127.1525275958315, 37.46582165719155], [127.15251313835314, 37.46582726188505], [127.1524975474242, 37.46583133631933], [127.15248127464942, 37.46583360961616], [127.15246545039815, 37.46583408033137], [127.15179476208095, 37.46581457243441], [127.15172523290659, 37.46580889440915], [127.15159228019623, 37.465798341385295], [127.15145548139365, 37.46578635148644], [127.15125209823735, 37.46577156260297], [127.15119794591136, 37.46576775689004], [127.15114447504318, 37.46576557209535], [127.15109066973454, 37.4657657303082], [127.15103596228475, 37.46576697084185], [127.15098238968449, 37.465770462423066], [127.15092881779633, 37.46577431438037], [127.15087525092105, 37.46578068911616], [127.15084960035647, 37.465785136447984], [127.15082429302008, 37.46579165564806], [127.15080000551832, 37.46579943495901], [127.15077696786445, 37.465810456298065], [127.1507560777244, 37.465821384820366], [127.15073519312922, 37.465835106442015], [127.15071668498624, 37.4658501765645], [127.15070055347489, 37.465866685289086], [127.15068611947929, 37.46588418297231], [127.150673495679, 37.465902489271905], [127.1506637006606, 37.465922233605205], [127.15065650620419, 37.46594233505703], [127.15065146052144, 37.46596297439856], [127.1506470871527, 37.4659806395808], [127.15063999999694, 37.465997857685686], [127.15063110263365, 37.466014267171346], [127.15061994327114, 37.46603004880797], [127.1506059560068, 37.46604484290767], [127.15059060907075, 37.46605801691502], [127.15057345102983, 37.46606993180028], [127.150555160644, 37.46608085700755], [127.15053460378581, 37.46608890185962], [127.15012041673656, 37.46630845729233], [127.15064299078755, 37.466934536789005]]]]}, "properties": {"gosi_year": "2025", "pnu": "4113110800105750000", "jibun": "575대", "bonbun": "575", "bubun": "", "addr": "경기도 성남시 수정구 창곡동 575", "gosi_month": "01", "jiga": "3948000", "단지명": "e편한세상테라스위례아파트"}}, {"type": "Feature", "geometry": {"type": "MultiPolygon", "coordinates": [[[[127.1321956386917, 37.47921571063367], [127.13223233196163, 37.479251710102794], [127.1323609210197, 37.47934112731809], [127.13255734856855, 37.479562105473285], [127.1326630322214, 37.47974164788384], [127.13277749252381, 37.47989694351071], [127.13287020966855, 37.48003145006615], [127.13297473810528, 37.48019612694657], [127.13301340490446, 37.48026104610969], [127.13309585873779, 37.48040934921842], [127.1331449786983, 37.48050362933344], [127.13318809415777, 37.48059079820856], [127.13414829675072, 37.48032888447734], [127.13409111760502, 37.4802171343966], [127.13402011289028, 37.480086929265376], [127.1339452668288, 37.47995807989542], [127.13386669265319, 37.479830676252895], [127.13378439053658, 37.47970480843039], [127.13369847370902, 37.47958056639364], [127.13360905476448, 37.47945767970857], [127.1335157954944, 37.47933668934597], [127.13341903508143, 37.47921759491821], [127.13331899901569, 37.47910003576472], [127.13321546198353, 37.47898446262912], [127.13313338050722, 37.479047714282935], [127.13303325084834, 37.47894087690466], [127.13293018516093, 37.47883584470753], [127.13282531401343, 37.47873261642762], [127.1321956386917, 37.47921571063367]]]]}, "properties": {"gosi_year": "2025", "pnu": "1171010900108540000", "jibun": "854 대", "bonbun": "854", "bubun": "", "addr": "서울특별시 송파구 장지동 854", "gosi_month": "01", "jiga": "10640000", "단지명": "송파파인타운11단지아파트"}}, {"type": "Feature", "geometry": {"type": "MultiPolygon", "coordinates": [[[[127.13679102691944, 37.48192148931781], [127.13700299105871, 37.48322211143876], [127.13970687283916, 37.482715861281584], [127.13968007134807, 37.482651380968406], [127.13875526123864, 37.48199373702101], [127.13792637493151, 37.482100204043824], [127.13679102691944, 37.48192148931781]]]]}, "properties": {"gosi_year": "2025", "pnu": "1171011300105990000", "jibun": "599 대", "bonbun": "599", "bubun": "", "addr": "서울특별시 송파구 거여동 599", "gosi_month": "01", "jiga": "5857000", "단지명": "위례포레샤인13단지아파트"}}, {"type": "Feature", "geometry": {"type": "MultiPolygon", "coordinates": [[[[127.12916799003746, 37.47756928640403], [127.12918857946605, 37.47757719297427], [127.1295389853171, 37.47767213982823], [127.12964133095693, 37.47769022913266], [127.12970829110074, 37.47770871714276], [127.12986044182779, 37.477762341779176], [127.12999426984338, 37.47781130093408], [127.13009461629453, 37.47785011505587], [127.13021397356448, 37.47789908970623], [127.13033356034796, 37.47794995608857], [127.13042203728709, 37.47798932347113], [127.13050836673264, 37.47802896343189], [127.13060918378395, 37.47807813811912], [127.13071452954468, 37.4781310018747], [127.13089298279802, 37.47822640288651], [127.13104557208644, 37.478336518306286], [127.13122280381131, 37.47844417377544], [127.13191353323094, 37.477768383192], [127.13156676203326, 37.47755468736899], [127.13144091446888, 37.47747923177049], [127.1313125847919, 37.47740657186836], [127.13118222458955, 37.477336346758506], [127.13104938226006, 37.47726891732997], [127.13091451016699, 37.47720437317935], [127.1307774950907, 37.47714262432341], [127.13063845007508, 37.47708367063126], [127.13049760152659, 37.47702769204911], [127.13035494943249, 37.47697468857058], [127.1302106066787, 37.476924569966066], [127.13006468676853, 37.476877606406624], [127.12991730227753, 37.476833527463505], [127.12976845365316, 37.47679260343143], [127.12961836698582, 37.47675483405986], [127.12959540792215, 37.47674945293669], [127.12916799003746, 37.47756928640403]]]]}, "properties": {"gosi_year": "2025", "pnu": "1171010900108560000", "jibun": "856 대", "bonbun": "856", "bubun": "", "addr": "서울특별시 송파구 장지동 856", "gosi_month": "01", "jiga": "10950000", "단지명": "송파파인타운10단지아파트"}}, {"type": "Feature", "geometry": {"type": "MultiPolygon", "coordinates": [[[[127.15218978093188, 37.468608079823795], [127.15219197934334, 37.46863330509933], [127.15215694511421, 37.46863758447705], [127.15167929522748, 37.46866900668502], [127.15146517914316, 37.46871775251781], [127.15116914324963, 37.468784351487365], [127.15102745084428, 37.468815345134054], [127.15084576013226, 37.468855669489784], [127.15053100601808, 37.46888940391037], [127.15030948853266, 37.46891175759995], [127.15029831438909, 37.46892033119527], [127.15032610569224, 37.46936800446623], [127.15036667254557, 37.46947427169423], [127.15037800247119, 37.46965824216965], [127.15046132284768, 37.46971913506218], [127.15174572922388, 37.46966867487372], [127.15186376556012, 37.46967843578807], [127.15192210115148, 37.46968115466347], [127.15213909105998, 37.46971133217735], [127.15218319090354, 37.469717853278866], [127.15222729202085, 37.469725005064106], [127.15227116796584, 37.46973260762147], [127.15231481910102, 37.46974084115123], [127.15235835828923, 37.469749615409285], [127.15240167248862, 37.46975893054016], [127.15244487456165, 37.46976869629965], [127.15248785182867, 37.46977909303236], [127.15253060410943, 37.46979003063851], [127.15257313158601, 37.469801599218336], [127.15261543371538, 37.46981352847202], [127.15265751122367, 37.46982617879988], [127.15269925034328, 37.469839189946704], [127.15274099002177, 37.4698524713788], [127.15278227917733, 37.46986656427518], [127.15282323012751, 37.46988110809138], [127.15286395609746, 37.469896192783025], [127.15290434404501, 37.469911818495206], [127.1529443941525, 37.469928075328234], [127.15298421891848, 37.469944692837544], [127.153023592439, 37.46996176141315], [127.15306274080068, 37.46997928076564], [127.15310166400403, 37.46999725089521], [127.15314002310225, 37.47001576233722], [127.15317804418194, 37.470034814802034], [127.15321572706173, 37.47005431819], [127.1532529586988, 37.47007427264658], [127.15328985213667, 37.47009467802696], [127.15332629451468, 37.470115624576735], [127.15336239851199, 37.470136931950975], [127.15339793840681, 37.4701587806407], [127.15343313992157, 37.470180990155605], [127.15346789019527, 37.47020365074147], [127.15350218922829, 37.470226762398624], [127.1535360368383, 37.47025023502743], [127.15356943339033, 37.470274248828375], [127.15360226547611, 37.470298623747226], [127.15363475918278, 37.47032335949341], [127.15366680146673, 37.470348456212776], [127.15369816642338, 37.470374004296865], [127.15372896709628, 37.47040000360057], [127.15375942939023, 37.47042636373305], [127.15378921417387, 37.47045308513155], [127.1538186605784, 37.470480167359526], [127.15384742947234, 37.47050761085443], [127.15387574694316, 37.470535415325145], [127.15390349976389, 37.47056349081783], [127.15393080134407, 37.47059201738709], [127.15395742522973, 37.47062081512484], [127.1539835975085, 37.47064988373985], [127.15400909227483, 37.47067931362416], [127.1540340225726, 37.47070910463233], [127.154058162313, 37.470739257056564], [127.15408185044517, 37.470769680359446], [127.15410474820207, 37.47080055517921], [127.15412708093928, 37.470831520824305], [127.15414896225009, 37.47086284744901], [127.15417016567899, 37.47089435514572], [127.15419080445298, 37.47092613386864], [127.15422040253802, 37.47097204674874], [127.15425623992948, 37.471028673485435], [127.15431320052605, 37.47113284582679], [127.15432401167702, 37.47116815114122], [127.15433287154487, 37.47118895283935], [127.1543477492128, 37.47122272118836], [127.15436160985617, 37.47125667105126], [127.15436888142743, 37.47127468169335], [127.15484159869527, 37.471255959147925], [127.15487867284922, 37.47125365853308], [127.1548855667524, 37.47125274858361], [127.15508776887117, 37.471566755599625], [127.15516177639188, 37.47154845915153], [127.15522299055984, 37.47152080887403], [127.15525324575876, 37.47150076726509], [127.15526781772155, 37.471495432392736], [127.15541866860123, 37.47140855960058], [127.15549222130149, 37.47138909223455], [127.15556751050333, 37.471389534710774], [127.15564258563981, 37.4713958339335], [127.1556646342629, 37.47139814778028], [127.15567277444221, 37.47139858766271], [127.15572332045228, 37.471405729732375], [127.15597613921956, 37.47142954640933], [127.1559930993433, 37.47143114604396], [127.15601017158589, 37.471432295028386], [127.15602701662571, 37.47143290370606], [127.1560438601821, 37.47143279158138], [127.15606092834496, 37.471431958358686], [127.1560778827202, 37.47143076488142], [127.15609472219424, 37.471428670549685], [127.15611156092517, 37.471426215815626], [127.1561278314597, 37.47142232021882], [127.15614398894729, 37.47141842476773], [127.15616003097506, 37.47141335816244], [127.15619154905542, 37.47140286528525], [127.15623809006595, 37.471386496215814], [127.15630477278603, 37.47137965137157], [127.15630453722079, 37.471375056568206], [127.15629878074365, 37.47121486589039], [127.15629774420465, 37.47120558692371], [127.15629546454372, 37.47119648978571], [127.15629205480607, 37.47118757432826], [127.15628751499216, 37.47117884055126], [127.1562818456596, 37.47117055875458], [127.1562733477926, 37.47116110935876], [127.15612857920718, 37.47101695827696], [127.15596225973658, 37.470892296834144], [127.15590900137134, 37.470775416314034], [127.15594413584314, 37.47059967492794], [127.15597985714595, 37.47054439679061], [127.15613339199078, 37.47044472533096], [127.15636381824497, 37.47030089391834], [127.15645762744145, 37.47023779088262], [127.15653642552938, 37.47018624029689], [127.15669742049917, 37.470086918714195], [127.15673738563557, 37.47006163815531], [127.1567503675291, 37.47005288137812], [127.15676255755855, 37.47004385533902], [127.15675186768891, 37.46990367338554], [127.15675692816431, 37.46989087250149], [127.1567775356377, 37.469852462718904], [127.15673056491498, 37.469824503242165], [127.1566709136973, 37.46978700976875], [127.15658420848226, 37.4697317119174], [127.15645901330974, 37.46964952449656], [127.15642776931094, 37.46968290255423], [127.15631731060121, 37.46962042762073], [127.15635215971754, 37.46958109825109], [127.15613200729648, 37.469443082597], [127.15598532656776, 37.46935677816656], [127.15580208787648, 37.46924826652186], [127.15567091535856, 37.4691720326793], [127.15556022695424, 37.46910712462383], [127.15550137280218, 37.46907188202215], [127.15540154665813, 37.46901182507682], [127.15535345080367, 37.46898593881912], [127.1552051815347, 37.46889585126844], [127.15498096871735, 37.46876027143817], [127.15490976177271, 37.46870945723263], [127.15476382183162, 37.468597021230494], [127.15471525756766, 37.46856293619286], [127.15463941741743, 37.46851266843037], [127.15463421276021, 37.468510332566865], [127.15452451134854, 37.46848506637679], [127.15451297714574, 37.468483099104205], [127.15448086639525, 37.46847962676174], [127.15444445954655, 37.46847588966934], [127.15441302924894, 37.468473497631265], [127.15439064423512, 37.46847208498694], [127.15437086154523, 37.46847184027602], [127.15435017544614, 37.468472047231614], [127.15431603785869, 37.46847245177767], [127.15218978093188, 37.468608079823795]]]]}, "properties": {"gosi_year": "2025", "pnu": "4113110800105210000", "jibun": "521대", "bonbun": "521", "bubun": "", "addr": "경기도 성남시 수정구 창곡동 521", "gosi_month": "01", "jiga": "6407000", "단지명": "위례더힐55아파트"}}, {"type": "Feature", "geometry": {"type": "MultiPolygon", "coordinates": [[[[127.14842623384058, 37.48187207849476], [127.1498632097873, 37.481815358134725], [127.15069855401842, 37.481782681299705], [127.1506748456398, 37.48140185817971], [127.15064821575756, 37.480973105468294], [127.1506063233639, 37.48094279460241], [127.14796646589905, 37.48104727837256], [127.14788824412155, 37.48111332856447], [127.14791170106973, 37.481488476280646], [127.14792356916523, 37.481660642840424], [127.14790422234172, 37.481769687912205], [127.14791177066417, 37.48181391770103], [127.14791679755211, 37.481840671197205], [127.14792227651188, 37.481867334032856], [127.14792797720277, 37.48189174409129], [127.1482828831924, 37.48187773472273], [127.14842623384058, 37.48187207849476]]]]}, "properties": {"gosi_year": "2025", "pnu": "4145011600106540000", "jibun": "654대", "bonbun": "654", "bubun": "", "addr": "경기도 하남시 학암동 654", "gosi_month": "01", "jiga": "7949000", "단지명": "위례지웰푸르지오 키즈스테이션"}}, {"type": "Feature", "geometry": {"type": "MultiPolygon", "coordinates": [[[[127.13141837131349, 37.466524003309225], [127.13152318122546, 37.46658980545658], [127.13154861436776, 37.466609113005795], [127.13169014382473, 37.46671659104769], [127.13186530572433, 37.46679977681735], [127.13194576146081, 37.46668619767178], [127.13217628148765, 37.46651774372633], [127.1319878069155, 37.466293115585664], [127.13197491372583, 37.46625012492891], [127.13194476946822, 37.46613467659923], [127.13188250156004, 37.46589639386526], [127.13185503958309, 37.46585431125638], [127.13146557008974, 37.466011127329054], [127.13148989700076, 37.46620122130278], [127.13141233982681, 37.46652021671497], [127.13141837131349, 37.466524003309225]]]]}, "properties": {"gosi_year": "2025", "pnu": "4113110700102430000", "jibun": "243전", "bonbun": "243전", "bubun": "", "addr": "경기도 성남시 수정구 복정동 243", "gosi_month": "01", "jiga": "1939000", "단지명": "복정역에피트아파트"}}, {"type": "Feature", "geometry": {"type": "MultiPolygon", "coordinates": [[[[127.13101284963307, 37.48014252134326], [127.13103893799233, 37.48019168741718], [127.1310634528972, 37.48024626121733], [127.13107231284721, 37.48027021813596], [127.1310950423539, 37.48033839900465], [127.13132500674739, 37.481254825157066], [127.1314501816181, 37.48119936611036], [127.13157728050965, 37.4811451662144], [127.13182900200287, 37.481043436150316], [127.13195652634667, 37.48123430767171], [127.13298648711368, 37.480836275205185], [127.13301720016129, 37.48074938452024], [127.1330101551144, 37.480729209934985], [127.13299903062135, 37.48070372398201], [127.13296339931767, 37.48062916073016], [127.13293344660104, 37.48056918736992], [127.13290293195003, 37.48051110672872], [127.13287253040524, 37.48045302595332], [127.13283816759048, 37.48039251686875], [127.13273610693197, 37.48021666471747], [127.13263351719573, 37.48006126578768], [127.13257231541517, 37.4799752880646], [127.13251519754975, 37.479897144491936], [127.13244414961981, 37.47980523100676], [127.1323774126732, 37.4797216920152], [127.1323016207372, 37.47963212629848], [127.13221926520895, 37.47953887368656], [127.13215028234386, 37.47946380645936], [127.13204064777976, 37.4793518430469], [127.13101284963307, 37.48014252134326]]]]}, "properties": {"gosi_year": "2025", "pnu": "1171010900108470000", "jibun": "847 대", "bonbun": "847", "bubun": "", "addr": "서울특별시 송파구 장지동 847", "gosi_month": "01", "jiga": "11450000", "단지명": "송파파인타운6단지아파트"}}, {"type": "Feature", "geometry": {"type": "MultiPolygon", "coordinates": [[[[127.15670080604531, 37.472900357069], [127.15682392760797, 37.47263322838928], [127.15683301823793, 37.47260123086533], [127.15684097932284, 37.472569685326285], [127.15685727380206, 37.472522631595005], [127.15690133154709, 37.47239859577251], [127.15695439965867, 37.47225851024036], [127.15700162313246, 37.472134830611914], [127.15701108803998, 37.47211986152109], [127.15705573077689, 37.47206015642237], [127.1570655361097, 37.4720458175805], [127.15710566382614, 37.47198945211364], [127.15713609866529, 37.47194715503267], [127.15714635671237, 37.4719330858883], [127.15715231583292, 37.471917490701216], [127.15721440456112, 37.471766671233674], [127.15722636794922, 37.47170277440933], [127.15724270476747, 37.47162184287659], [127.15722445115246, 37.471541677725526], [127.157206572413, 37.471533231860505], [127.15718632663777, 37.47152812281944], [127.15710580545657, 37.47151237122431], [127.15708602083782, 37.47151158636996], [127.15688129046791, 37.4715093329096], [127.15680078595788, 37.471501600005155], [127.15678054879096, 37.471500635493875], [127.15667846921629, 37.47150094977207], [127.15633268784022, 37.471513206418265], [127.15631019589968, 37.47151521808804], [127.15629765083601, 37.47151667612405], [127.15628533372026, 37.47151903486248], [127.15627324455194, 37.471522294303455], [127.15625968894996, 37.4715270873674], [127.15623834008505, 37.4715352243424], [127.15621653754842, 37.471542641105565], [127.15619439401472, 37.471549157308736], [127.15617179643911, 37.47155477309969], [127.1561488582391, 37.471559668530176], [127.15612580494931, 37.47156357300423], [127.15610241085093, 37.47156666701756], [127.15607890184997, 37.47156886017426], [127.1560552781328, 37.471570242574224], [127.15603165237475, 37.47157063386957], [127.15600802494752, 37.471570214260275], [127.15598439548125, 37.4715688035464], [127.15597263671492, 37.47156782781384], [127.15559657301252, 37.47153200835946], [127.15558311876087, 37.471531124899045], [127.15556943952815, 37.47153078233179], [127.15555587482004, 37.47153116041552], [127.155542311221, 37.47153207909764], [127.15552886214584, 37.47153371843084], [127.15551564045477, 37.471535988167766], [127.15550253328686, 37.47153897855586], [127.15548965331759, 37.471542509247826], [127.1554771137769, 37.47154667019652], [127.15546491447972, 37.47155137130198], [127.1554530556107, 37.47155670266435], [127.15543600422396, 37.47156573489852], [127.1553080765674, 37.47164050444892], [127.15528436136097, 37.471652428540835], [127.15525973956782, 37.47166327260468], [127.15523432386529, 37.47167285629288], [127.15520834052994, 37.47168126941092], [127.15518167633287, 37.47168842200537], [127.15515455718199, 37.471694223681865], [127.15512709649306, 37.47169885449305], [127.15509929389872, 37.47170213423881], [127.15507137567594, 37.471704152725074], [127.15504322859633, 37.4717048199986], [127.15501519179819, 37.47170413561874], [127.1549872654674, 37.47170218968547], [127.15497335772024, 37.47170067604306], [127.15495662364812, 37.47169907596868], [127.15493977818836, 37.47169828693861], [127.15492293457024, 37.47169839890604], [127.1549060924249, 37.47169923167101], [127.15488947802726, 37.47170087504006], [127.15487286528555, 37.47170332930668], [127.15455600427894, 37.47176212503869], [127.15453475792228, 37.47176521596018], [127.15451339631443, 37.471767225824316], [127.15448864131294, 37.47176824897486], [127.1544901401015, 37.471782572971186], [127.15449315218571, 37.47181833886297], [127.15449477228468, 37.471836717212334], [127.15460006298572, 37.47352163509357], [127.15463816420475, 37.47413309577212], [127.15464671145556, 37.47427751530434], [127.15464753699165, 37.474294272870054], [127.15464964338828, 37.47432931911451], [127.1546508453896, 37.474364366530715], [127.15465114317817, 37.474399505218685], [127.15465087535051, 37.47443446443907], [127.15464992959134, 37.474469604738154], [127.15464853163185, 37.474504745622994], [127.15464668128752, 37.474539796993675], [127.1546442656916, 37.47457484909662], [127.1546410583756, 37.47460972202484], [127.1546370598898, 37.474644686078165], [127.15463136546443, 37.47467956222848], [127.15462544474957, 37.47471434857131], [127.15461929792885, 37.47474913520664], [127.15461213328216, 37.47478374295976], [127.15460440319346, 37.47481826134456], [127.15459644699682, 37.4748527800216], [127.15458815164156, 37.47488729913725], [127.15457861217197, 37.47492154956311], [127.1545679416369, 37.4749555311524], [127.15455704499101, 37.47498951303339], [127.1545456961326, 37.47502349549884], [127.1545336685924, 37.475057298641474], [127.15452096236945, 37.4750909224611], [127.1545071248924, 37.47512418734312], [127.15449294806695, 37.475157362562456], [127.15447843207622, 37.47519053821901], [127.15446346331811, 37.475223444159056], [127.15444815539381, 37.47525635053601], [127.15443194249701, 37.47528898778135], [127.1544144854732, 37.475321356333595], [127.15439600987285, 37.47535318559984], [127.15436750352481, 37.4754001646677], [127.1543476716368, 37.47543217588073], [127.15432727392496, 37.47546391752146], [127.1543064234402, 37.47549538944343], [127.15428478102784, 37.47552659208487], [127.15426257279013, 37.47555752515307], [127.15423979872656, 37.47558818864779], [127.15421679835796, 37.475618762330214], [127.15419311892788, 37.475648976484706], [127.15416819462794, 37.47567856154132], [127.15414304402168, 37.47570805678468], [127.15411732740428, 37.47573719235286], [127.15409104477534, 37.47576596824539], [127.15406419631779, 37.47579447456198], [127.15405483242607, 37.47580403726782], [127.15423307496718, 37.47589516861344], [127.1544645150332, 37.47579503829102], [127.15507587259087, 37.475560165161795], [127.15519866249798, 37.475512612840376], [127.15527625534541, 37.475476652032754], [127.15542353868523, 37.47541032676761], [127.1554514935327, 37.47537037597764], [127.15546716366332, 37.47534891172191], [127.15552458172317, 37.4752879291845], [127.15562728598967, 37.47509380960541], [127.15568273070122, 37.47478775707225], [127.15583719162, 37.474474277113906], [127.15587260422022, 37.47443287487581], [127.1559222197123, 37.474371361727265], [127.15607953197514, 37.4741807743676], [127.156181135855, 37.47400269354691], [127.15633739041012, 37.473793276276616], [127.15634919660077, 37.47376226634017], [127.15645258326904, 37.47346263776787], [127.15648281655191, 37.473377002931734], [127.15661302332654, 37.47309130455769], [127.15669742933659, 37.472907479419945], [127.15670080604531, 37.472900357069]]]]}, "properties": {"gosi_year": "2025", "pnu": "4145011600106730000", "jibun": "673대", "bonbun": "673", "bubun": "", "addr": "경기도 하남시 학암동 673", "gosi_month": "01", "jiga": "5900000", "단지명": "위례그린파크푸르지오아파트"}}, {"type": "Feature", "geometry": {"type": "MultiPolygon", "coordinates": [[[[127.12783890319741, 37.477157785647655], [127.12789623824304, 37.47723475998793], [127.12798742005263, 37.47725696222421], [127.12799375369684, 37.47725850516812], [127.12806262076603, 37.47727527115834], [127.12807313915016, 37.477277836758304], [127.12845552219146, 37.47737093255609], [127.12898381806205, 37.477499387289924], [127.12905939867335, 37.47752807471795], [127.12916799003746, 37.47756928640403], [127.12917171999247, 37.47756213743139], [127.12935341593146, 37.47721361375164], [127.12936230687583, 37.47719656619026], [127.12938067471461, 37.477161344179166], [127.12944978490694, 37.477028786082094], [127.1295252615463, 37.47688400346127], [127.12959540792215, 37.47674945293669], [127.12955299568877, 37.47673940767969], [127.12940698882704, 37.47670730992966], [127.12930107848122, 37.47668633205734], [127.12925996967093, 37.47667818639925], [127.12911216415739, 37.47665194674056], [127.12896357211719, 37.47662850085069], [127.12886071501396, 37.47661452007414], [127.12881430719891, 37.47660820900498], [127.12866448228475, 37.47659098097934], [127.12851409705178, 37.47657663657167], [127.12846044645485, 37.476572621691965], [127.12846043528667, 37.476572702794144], [127.12836327631358, 37.476565454956365], [127.12821221169392, 37.476557111565754], [127.12815931095625, 37.47655527616973], [127.12815931100187, 37.47655530319974], [127.12808767624462, 37.47655282110686], [127.12806093753223, 37.47655186765264], [127.12796092803481, 37.47655035290817], [127.12791351224877, 37.476549619765], [127.12787545007595, 37.47676620724692], [127.12786244903931, 37.47684015735528], [127.12787688036637, 37.476950965141754], [127.12786781742965, 37.477000340719265], [127.12783890319741, 37.477157785647655]]]]}, "properties": {"gosi_year": "2025", "pnu": "1171010900108570000", "jibun": "857 대", "bonbun": "857", "bubun": "", "addr": "서울특별시 송파구 장지동 857", "gosi_month": "01", "jiga": "11790000", "단지명": "송파파인타운13단지아파트"}}, {"type": "Feature", "geometry": {"type": "MultiPolygon", "coordinates": [[[[127.14055833226026, 37.482829920201524], [127.14148734909807, 37.485061953230435], [127.14454397476732, 37.484941613192966], [127.14425652691136, 37.48426981447434], [127.14315752455646, 37.48396425623925], [127.14131467775957, 37.482800114646594], [127.14055833226026, 37.482829920201524]]]]}, "properties": {"gosi_year": "2025", "pnu": "1171011300106070000", "jibun": "607 대", "bonbun": "607", "bubun": "", "addr": "서울특별시 송파구 거여동 607", "gosi_month": "01", "jiga": "6812000", "단지명": "송파레이크파크호반써밋2차아파트"}}, {"type": "Feature", "geometry": {"type": "MultiPolygon", "coordinates": [[[[127.14495900091295, 37.48362015328154], [127.1455675454695, 37.48475710625723], [127.14847857247419, 37.4839689302381], [127.14806979814048, 37.48336630819709], [127.14800818323486, 37.48336872720443], [127.147593845953, 37.48321534926824], [127.14758162725226, 37.48321130987063], [127.14756907111757, 37.48320817188947], [127.14755629026071, 37.48320575498525], [127.14754328520739, 37.48320432945736], [127.14753005543115, 37.48320362500625], [127.14751694064654, 37.48320391151221], [127.14750823602091, 37.48320455296805], [127.1456587487807, 37.48338224846769], [127.14495900091295, 37.48362015328154]]]]}, "properties": {"gosi_year": "2025", "pnu": "1171011300106540000", "jibun": "654 대", "bonbun": "654", "bubun": "", "addr": "서울특별시 송파구 거여동 654", "gosi_month": "01", "jiga": "7023000", "단지명": "송파위례리슈빌아파트"}}, {"type": "Feature", "geometry": {"type": "MultiPolygon", "coordinates": [[[[127.14388559578224, 37.462497049262325], [127.14425371005008, 37.46254003361499], [127.14426829596347, 37.46254253880807], [127.14428243266222, 37.4625465762485], [127.14429566801942, 37.46255214648267], [127.14436230536097, 37.46258441199319], [127.14437554055927, 37.46258989211822], [127.14438956424068, 37.46259392968236], [127.14440415034049, 37.4625965249588], [127.14471924372666, 37.46263452633255], [127.14474977080363, 37.46263890425663], [127.14478889210353, 37.4626452539625], [127.14481331408102, 37.46264891846829], [127.14482326296744, 37.46264998760913], [127.14483332368246, 37.462650425910866], [127.1448728852551, 37.462650558128814], [127.14488350975473, 37.46265027493932], [127.14489413253393, 37.46264909074719], [127.1449793349669, 37.462636553495514], [127.14499854628535, 37.46263436776356], [127.14501798624951, 37.46263353325662], [127.14503731576421, 37.462634050386285], [127.14515725673581, 37.46264120279713], [127.14517783236415, 37.4626431599953], [127.14519807182809, 37.46264664930504], [127.14521786192434, 37.4626515807638], [127.14523697658979, 37.462657954646716], [127.14525518958865, 37.46266568112886], [127.1453169606751, 37.46269461830461], [127.145353161682, 37.46271061211742], [127.14539037671402, 37.462724892777445], [127.14542860576928, 37.46273746028366], [127.14546773564064, 37.462748224672715], [127.14550742740175, 37.46275727645702], [127.14554779373671, 37.46276443529788], [127.14560195416433, 37.46277373971703], [127.14565555238407, 37.46278457650346], [127.14570858874492, 37.46279712585818], [127.14575348246994, 37.46280743261796], [127.1457989380796, 37.46281602676746], [127.14584484219226, 37.46282272824385], [127.14589119515104, 37.4628277172469], [127.1459377705416, 37.46283081385205], [127.14598445532806, 37.46283201819721], [127.14603113664798, 37.46283142052067], [127.1460369004307, 37.46283096297051], [127.14604266351975, 37.46283014501943], [127.14612390254469, 37.46281382757402], [127.14615271658876, 37.46280901699318], [127.14618187371836, 37.46280627829398], [127.14621340851745, 37.462805608985086], [127.14623793479196, 37.46280467794939], [127.14626211849541, 37.46280194532068], [127.14628584659373, 37.4627974112376], [127.14630900622683, 37.46279116593907], [127.14633137115496, 37.46278311960229], [127.1463526028013, 37.462773542943815], [127.14637270116505, 37.462762435964166], [127.14639144035475, 37.462749889041234], [127.14640859447958, 37.46273599255305], [127.1464181881339, 37.462728682660035], [127.14642936701888, 37.46272281242847], [127.14644145328958, 37.46271856288991], [127.14645433391443, 37.4627159341827], [127.1465778490114, 37.462700735874535], [127.14659547610805, 37.46269765082387], [127.14661242187665, 37.46269294480029], [127.14662857328419, 37.46268661794283], [127.14664359140755, 37.46267876076848], [127.14665725035609, 37.46266946365541], [127.14678849874134, 37.462561812641006], [127.1468064451934, 37.462548545823395], [127.14682620328783, 37.462536898582336], [127.14684732124623, 37.46252705167331], [127.14689035028815, 37.46250834797247], [127.14693224567515, 37.4624879337436], [127.14697266848454, 37.462465899505425], [127.14701184477849, 37.46244224498111], [127.14704932260345, 37.462417060828905], [127.14706027480527, 37.462410920515424], [127.14707236011668, 37.46240622041148], [127.14708523961768, 37.462403051034514], [127.14709857456324, 37.462401593002355], [127.14711202603384, 37.46240193683276], [127.1471297728838, 37.462402365469664], [127.14714740285804, 37.46240081203953], [127.14716457703486, 37.46239736706048], [127.1471810691749, 37.46239194071121], [127.14719631464307, 37.46238480398912], [127.14721031343866, 37.46237595689479], [127.14722250092743, 37.4623656704258], [127.14723276442749, 37.46235412492251], [127.14724087840054, 37.46234159096465], [127.14724672999061, 37.46232815879213], [127.14725009400986, 37.46231427918496], [127.14725108384094, 37.4623001322043], [127.14724947412147, 37.46228607852957], [127.14724537805934, 37.46227220812152], [127.14723890973643, 37.46225906144151], [127.1471674659008, 37.46213850509884], [127.14715896566125, 37.46212671242411], [127.14714843295847, 37.46211600345793], [127.14713598152295, 37.4621067384612], [127.14697788069039, 37.46200566032861], [127.14696237344107, 37.46199432676561], [127.14694855887056, 37.461981549511385], [127.1469370024829, 37.46196750807142], [127.14692759159537, 37.46195238278583], [127.14692066599791, 37.46193653363856], [127.14691622586358, 37.46192005073026], [127.14691449795062, 37.46190329418375], [127.14691525654422, 37.461886444477635], [127.14691872840245, 37.46186986173447], [127.14697419375321, 37.46167778954708], [127.1469765454056, 37.46166643400317], [127.14697697518848, 37.4616549006239], [127.1469755966569, 37.46164345957071], [127.14697252301669, 37.461632200804566], [127.14696752873111, 37.46162139490416], [127.14689935701766, 37.461497320442845], [127.14608427542012, 37.460607317431496], [127.14585959812601, 37.46073787724814], [127.14563367378724, 37.46086690644922], [127.14540650275636, 37.46099458522805], [127.14480808015365, 37.46132769269517], [127.14452670463449, 37.461483186406745], [127.14424396867099, 37.46163714938151], [127.14395998530287, 37.4617895814736], [127.14416570021139, 37.46202674787953], [127.1439318522737, 37.462153350658035], [127.14369879664392, 37.46228094312277], [127.14375736228791, 37.462348628138685], [127.14388559578224, 37.462497049262325]]]]}, "properties": {"gosi_year": "2025", "pnu": "4113110800105970000", "jibun": "597대", "bonbun": "597", "bubun": "", "addr": "경기도 성남시 수정구 창곡동 597", "gosi_month": "01", "jiga": "5779000", "단지명": "위례포레스트사랑으로부영아파트"}}, {"type": "Feature", "geometry": {"type": "MultiPolygon", "coordinates": [[[[127.13703225967882, 37.483401737414034], [127.13732175258251, 37.48517853852102], [127.1387219778145, 37.485123491522565], [127.1389473397203, 37.48513494261799], [127.14068515354745, 37.485066504809275], [127.14015705171879, 37.48379770604264], [127.1389594341744, 37.484021922646626], [127.13868524909324, 37.48309222839697], [127.13703225967882, 37.483401737414034]]]]}, "properties": {"gosi_year": "2025", "pnu": "1171011300105970000", "jibun": "597 대", "bonbun": "597", "bubun": "", "addr": "서울특별시 송파구 거여동 597", "gosi_month": "01", "jiga": "6812000", "단지명": "송파레이크파크호반써밋1차아파트"}}, {"type": "Feature", "geometry": {"type": "MultiPolygon", "coordinates": [[[[127.12729775602422, 37.4783978708715], [127.12793079306488, 37.47855351909258], [127.1284613608533, 37.47868395590355], [127.12857333998025, 37.47871537060125], [127.12870375915081, 37.47875370305708], [127.12883293926578, 37.47879464960795], [127.1289065807781, 37.47881916757892], [127.12897864214833, 37.47884521891088], [127.12911224678999, 37.47889499019695], [127.12920422237178, 37.47893048040046], [127.12945429516617, 37.47859359575584], [127.12958592957898, 37.47841640636273], [127.12992740914086, 37.478577855632906], [127.1299923800141, 37.4784904779642], [127.13003368734363, 37.47838285346367], [127.13016656193084, 37.47820467096813], [127.13013918876213, 37.478130728539675], [127.12989459547735, 37.47803314575889], [127.12979425088618, 37.47799550276859], [127.1296954911687, 37.477959029275624], [127.12956167784066, 37.47791871938308], [127.12947377884542, 37.47788646864226], [127.12937808572777, 37.477858100576825], [127.12919896874409, 37.47776963569883], [127.12897547734829, 37.47771401488051], [127.1278295340904, 37.47743503388929], [127.12770855097129, 37.4774935480627], [127.1276451920052, 37.47766660802925], [127.12759812643318, 37.47778054486589], [127.12757065602727, 37.47791635511897], [127.12744558751501, 37.47816840851953], [127.12733132900995, 37.47832764710852], [127.12729775602422, 37.4783978708715]]]]}, "properties": {"gosi_year": "2025", "pnu": "1171010900108430000", "jibun": "843 대", "bonbun": "843", "bubun": "", "addr": "서울특별시 송파구 장지동 843", "gosi_month": "01", "jiga": "11450000", "단지명": "송파파인타운9단지아파트"}}, {"type": "Feature", "geometry": {"type": "MultiPolygon", "coordinates": [[[[127.12899605783102, 37.48024580672799], [127.12921513976772, 37.48036333102776], [127.12931665342649, 37.480421876456354], [127.12945659931471, 37.480542008672614], [127.12963826760077, 37.480663897490516], [127.12972271311003, 37.48072426307476], [127.12980569052243, 37.48078553119304], [127.12988674836983, 37.48084815283953], [127.12995943253605, 37.48090645872678], [127.13090044650545, 37.480129309656895], [127.13085862279874, 37.480068357660635], [127.13081556560948, 37.48001326350688], [127.13069348963047, 37.47989770846234], [127.13064095283845, 37.4798525356203], [127.13057121425216, 37.47979747052904], [127.1304172613449, 37.47968465300945], [127.1301899713941, 37.47952749580421], [127.1299865831463, 37.479396981813096], [127.12965376312604, 37.47921092601098], [127.12936251402256, 37.47960119488085], [127.12932289955089, 37.47970800639336], [127.1289759290748, 37.48017672164634], [127.12899605783102, 37.48024580672799]]]]}, "properties": {"gosi_year": "2025", "pnu": "1171010900108450000", "jibun": "845 대", "bonbun": "845", "bubun": "", "addr": "서울특별시 송파구 장지동 845", "gosi_month": "01", "jiga": "11450000", "단지명": "송파파인타운5단지아파트"}}, {"type": "Feature", "geometry": {"type": "MultiPolygon", "coordinates": [[[[127.12707087725381, 37.47908845950391], [127.12777147521227, 37.47914555729458], [127.12769579689937, 37.47979237692006], [127.1278699900703, 37.47984201615245], [127.12794102406959, 37.47986185230172], [127.12801511568712, 37.479884658439225], [127.12809090382964, 37.479907823113344], [127.12819587912871, 37.47994167836672], [127.12830447847516, 37.47997913364322], [127.12844040878235, 37.47999926024029], [127.12868308781313, 37.48009874015795], [127.12876920594836, 37.480079546218455], [127.1290392562586, 37.47971939516356], [127.12914156392029, 37.4795806206011], [127.1292749845477, 37.47945505703156], [127.1295053200506, 37.47914531378905], [127.12941027571085, 37.47910054682843], [127.12935064958972, 37.479074121908184], [127.12914960468994, 37.478990365903904], [127.12905819342518, 37.47895433444832], [127.12894461289406, 37.47891229012167], [127.1288587509212, 37.47888174863551], [127.12879902341899, 37.478861990955686], [127.1286707472005, 37.47882077309519], [127.12854123177164, 37.47878207923132], [127.12844135553628, 37.478754165409704], [127.12791157883093, 37.47862381776476], [127.12726779744588, 37.478466108574224], [127.12723896861937, 37.47853389456588], [127.12721566696843, 37.47859419635762], [127.12719349629549, 37.478654767241736], [127.12717268256483, 37.47871551687842], [127.12715243468617, 37.47877662630978], [127.12713377001869, 37.478838004354415], [127.12711691437767, 37.47889947057279], [127.12710039848245, 37.47896129682763], [127.12708535260029, 37.47902330171762], [127.12707087725381, 37.47908845950391]]]]}, "properties": {"gosi_year": "2025", "pnu": "1171010900108420000", "jibun": "842 대", "bonbun": "842", "bubun": "", "addr": "서울특별시 송파구 장지동 842", "gosi_month": "01", "jiga": "11450000", "단지명": "송파파인타운8단지아파트"}}, {"type": "Feature", "geometry": {"type": "MultiPolygon", "coordinates": [[[[127.14289389418391, 37.48536346524967], [127.14336594282592, 37.48649752908475], [127.14410280152033, 37.486315270827696], [127.14476852247859, 37.486480700105815], [127.14493521937393, 37.486439502376896], [127.14484857762051, 37.48565357493384], [127.14464630359333, 37.48518088507558], [127.14460103575797, 37.485182931113314], [127.143444386002, 37.48522846613649], [127.14331057653446, 37.4852607925035], [127.14297061127128, 37.48527426449712], [127.14289389418391, 37.48536346524967]]]]}, "properties": {"gosi_year": "2025", "pnu": "1171011300106060000", "jibun": "606 대", "bonbun": "606", "bubun": "", "addr": "서울특별시 송파구 거여동 606", "gosi_month": "01", "jiga": "7023000", "단지명": "송파레이크힐아파트"}}, {"type": "Feature", "geometry": {"type": "MultiPolygon", "coordinates": [[[[127.13137741924368, 37.48288679562711], [127.13139666114664, 37.482925184142736], [127.13149377826741, 37.483046946720115], [127.13161805090284, 37.48329763054691], [127.13166995579446, 37.48347216029752], [127.13169948309046, 37.48353447701884], [127.13184528246363, 37.48382296087348], [127.13187189497198, 37.48387340557406], [127.13191433486764, 37.48394891666041], [127.1319628647274, 37.48402845749017], [127.1319930694522, 37.48407695203429], [127.13202397463607, 37.48412511242638], [127.13206136010051, 37.48418070791557], [127.13213271346858, 37.48427709018482], [127.1322026881074, 37.48436725703021], [127.13228542807637, 37.48446396898961], [127.13232574825217, 37.48451001053768], [127.13237743765916, 37.48456604058667], [127.13245288780365, 37.48464472246779], [127.13251025274424, 37.4847004398275], [127.13259148600821, 37.48477561932455], [127.13263680477749, 37.48481560950514], [127.13269857499145, 37.48486871799146], [127.13348785601026, 37.484278701840395], [127.1339360196565, 37.48394378504467], [127.13396334127424, 37.48392113930613], [127.13398783267724, 37.48389646047289], [127.13400892910259, 37.48387006453011], [127.13402674375975, 37.48384203244277], [127.13404094956132, 37.483812815079474], [127.13405151281441, 37.483782538619366], [127.13405812898256, 37.48375161786534], [127.13406091145265, 37.48372023289097], [127.1340597142014, 37.483688924460736], [127.1340546843122, 37.48365774646958], [127.13404581143824, 37.48362723952901], [127.13403310698578, 37.483597457685406], [127.13397433170626, 37.483479528537494], [127.13395492533141, 37.48344487077365], [127.13393180176452, 37.48341167679338], [127.13390540192442, 37.48337992808043], [127.13384298015828, 37.48332258623746], [127.13380730931821, 37.483297326079665], [127.13376926843104, 37.48327448324572], [127.13372880136059, 37.48325428304639], [127.13368637202842, 37.48323693219041], [127.13364225175079, 37.48322241235235], [127.13359679128884, 37.48321087630829], [127.1335503186318, 37.48320238676037], [127.13137741924368, 37.48288679562711]]]]}, "properties": {"gosi_year": "2025", "pnu": "1171010900108490000", "jibun": "849 대", "bonbun": "849", "bubun": "", "addr": "서울특별시 송파구 장지동 849", "gosi_month": "01", "jiga": "10990000", "단지명": "송파파인타운3단지아파트"}}, {"type": "Feature", "geometry": {"type": "MultiPolygon", "coordinates": [[[[127.12705779902247, 37.47958330337022], [127.12742597630812, 37.47968697728324], [127.12760632641046, 37.47976769489076], [127.12769579689937, 37.47979237692006], [127.12777147521227, 37.47914555729458], [127.12707087725381, 37.47908845950391], [127.12705887843529, 37.479147217546384], [127.12704745091197, 37.479209578985845], [127.12703290463398, 37.47929996488033], [127.1270053198386, 37.47950353039349], [127.12705779902247, 37.47958330337022]]]]}, "properties": {"gosi_year": "2025", "pnu": "1171010900108420001", "jibun": "842-1 대", "bonbun": "842", "bubun": "1", "addr": "서울특별시 송파구 장지동 842-1", "gosi_month": "01", "jiga": "7930000", "단지명": "송파구장지동청년주택아파트"}}, {"type": "Feature", "geometry": {"type": "MultiPolygon", "coordinates": [[[[127.13647403223096, 37.46038880030051], [127.13636949378485, 37.460408813804264], [127.13631908304833, 37.46042151240429], [127.13631974540341, 37.46041269982747], [127.13629518554895, 37.460419746661636], [127.13628006999637, 37.46042405267897], [127.1361574768884, 37.4605049764465], [127.13630425028688, 37.46047631938862], [127.13665457387016, 37.460407920535424], [127.13665554853176, 37.46039681003884], [127.13652612994956, 37.46038400151432], [127.13647403223096, 37.46038880030051]]]]}, "properties": {"gosi_year": "2025", "pnu": "4113110700101490003", "jibun": "149-3답", "bonbun": "149", "bubun": "3답", "addr": "경기도 성남시 수정구 복정동 149-3", "gosi_month": "01", "jiga": "1323000", "단지명": "남위례역아테라아파트"}}, {"type": "Feature", "geometry": {"type": "MultiPolygon", "coordinates": [[[[127.12872610346187, 37.481864295681866], [127.12924806490165, 37.48230423196053], [127.1293297055057, 37.482376403951754], [127.1293543102312, 37.48241764317596], [127.12935997668215, 37.48242547575315], [127.12936733691434, 37.482432045096026], [127.12937661567003, 37.4824365400604], [127.12938679585172, 37.482439232046715], [127.12940092890321, 37.48243939695142], [127.12941076083993, 37.48243677340722], [127.1301091751116, 37.482123998766326], [127.13021080373096, 37.48205000604231], [127.1304787785686, 37.48192943024278], [127.13048333727137, 37.4818847356187], [127.13037477840966, 37.48174141469861], [127.13027133382026, 37.48161331501959], [127.13018119921016, 37.48146682033306], [127.13002546469336, 37.48130562051976], [127.12985945579224, 37.48115227036603], [127.12979072656015, 37.481092788825016], [127.12872610346187, 37.481864295681866]]]]}, "properties": {"gosi_year": "2025", "pnu": "1171010900108370000", "jibun": "837 대", "bonbun": "837", "bubun": "", "addr": "서울특별시 송파구 장지동 837", "gosi_month": "01", "jiga": "10760000", "단지명": "송파파인타운4단지아파트"}}, {"type": "Feature", "geometry": {"type": "MultiPolygon", "coordinates": [[[[127.13165507924965, 37.48499911142635], [127.13182555047547, 37.48511070166449], [127.13193860962902, 37.48518471124111], [127.13198940030288, 37.48521796515381], [127.13202896203653, 37.48524386126452], [127.13208927930225, 37.48527424843926], [127.13208933583535, 37.48527424837679], [127.13215745634724, 37.485273091877474], [127.1324371594465, 37.48506537198303], [127.13243899918555, 37.485018157519455], [127.13234523614531, 37.484935369330856], [127.13228646004077, 37.484880923865816], [127.13217331089419, 37.48476815367529], [127.1320771753694, 37.484621126554835], [127.13198302922324, 37.48451256987973], [127.13193283381051, 37.484450726554755], [127.13186166309582, 37.48435529902669], [127.13182244705997, 37.484300291145146], [127.13176770008785, 37.48422160405562], [127.1317111277832, 37.48413345844437], [127.1316766573972, 37.48407655318163], [127.13162959380163, 37.48399479415856], [127.13159329842615, 37.48392861057296], [127.13156334813347, 37.48387016859778], [127.13137058595301, 37.4834853830007], [127.13127643103894, 37.483370338544034], [127.13115401243601, 37.48312549081115], [127.13110090067178, 37.482945258810965], [127.13105495115452, 37.482853136810945], [127.1300386155488, 37.48330690946098], [127.13004940579195, 37.48333563964822], [127.13006619611863, 37.483368868310464], [127.13012660404988, 37.483453496644934], [127.13018475532591, 37.483540740306694], [127.1302459412187, 37.48361734882393], [127.13028962476207, 37.48370704089465], [127.1303798455936, 37.48377037298295], [127.13059055597033, 37.4839435856237], [127.13067761774336, 37.48407620788238], [127.13069983624929, 37.484175473862614], [127.13077549951907, 37.484385684656985], [127.13085047613139, 37.48445966486016], [127.13081716388, 37.48448402833452], [127.13090946880929, 37.48457492834569], [127.13092268003771, 37.48462382919781], [127.13112749851975, 37.48453243245468], [127.13119706998498, 37.48461885217238], [127.13127203135292, 37.48468364191585], [127.13165507924965, 37.48499911142635]]]]}, "properties": {"gosi_year": "2025", "pnu": "1171010900108350000", "jibun": "835 대", "bonbun": "835", "bubun": "", "addr": "서울특별시 송파구 장지동 835", "gosi_month": "01", "jiga": "10760000", "단지명": "송파파인타운2단지아파트"}}, {"type": "Feature", "geometry": {"type": "MultiPolygon", "coordinates": [[[[127.14695322680159, 37.48601401607255], [127.14779584915965, 37.48655808097224], [127.14794981236409, 37.48665555867], [127.14810580715015, 37.486750961344505], [127.14826394605218, 37.48684401854809], [127.14849599295108, 37.48697464542374], [127.14934628479146, 37.487440392722995], [127.15064314584228, 37.48593715634124], [127.15007244092776, 37.48562450739605], [127.14997803119707, 37.48556795314476], [127.14988542710904, 37.48550959454957], [127.14979440271142, 37.48544952199823], [127.14970529720554, 37.48538773506888], [127.14961799770447, 37.4853243240074], [127.14953273034155, 37.48525928853444], [127.14944926898504, 37.485192628937426], [127.14936783994492, 37.48512443503701], [127.14932878321758, 37.48509961629468], [127.14931507739996, 37.485087019435475], [127.14924778979797, 37.48502286226232], [127.14918332558346, 37.484956989620905], [127.14912157186507, 37.48488949175688], [127.14906264188218, 37.48482045863309], [127.14900664869606, 37.484749890112475], [127.1489534794136, 37.484677876440145], [127.14890347340216, 37.48460450729657], [127.14886559233993, 37.48454481821689], [127.14864225442199, 37.48418154285094], [127.14741637323777, 37.4845134597823], [127.1475587878481, 37.484779439359166], [127.14728972005126, 37.48485230215192], [127.1475906648603, 37.48541442498229], [127.14697331609202, 37.48599507033907], [127.14695322680159, 37.48601401607255]]]]}, "properties": {"gosi_year": "2025", "pnu": "1171011300106510000", "jibun": "651 대", "bonbun": "651", "bubun": "", "addr": "서울특별시 송파구 거여동 651", "gosi_month": "01", "jiga": "7023000", "단지명": "포레나송파아파트"}}, {"type": "Feature", "geometry": {"type": "MultiPolygon", "coordinates": [[[[127.14463523971763, 37.45912431622759], [127.14429850402983, 37.45916896284187], [127.14428304713516, 37.4593025103563], [127.14422487398957, 37.459321411605586], [127.14426956422014, 37.45940425002961], [127.1443302697634, 37.45940940251326], [127.14453647492168, 37.45937266247986], [127.14457506704669, 37.45933945881284], [127.14460689835546, 37.45925787938704], [127.14461871245132, 37.459229663647285], [127.14462909272959, 37.45922010043206], [127.14464479509674, 37.459156380410285], [127.14463523971763, 37.45912431622759]]]]}, "properties": {"gosi_year": "2025", "pnu": "4113110700100280000", "jibun": "28잡", "bonbun": "28잡", "bubun": "", "addr": "경기도 성남시 수정구 복정동 28", "gosi_month": "01", "jiga": "3482000", "단지명": "남위례역수자인더퍼스트아파트"}}, {"type": "Feature", "geometry": {"type": "MultiPolygon", "coordinates": [[[[127.13923929877431, 37.45916956072352], [127.13932790706725, 37.45935164051706], [127.14006198460707, 37.459087418668034], [127.14005607297763, 37.459068864907515], [127.14007291627695, 37.459008838268936], [127.14007182323812, 37.4589677537494], [127.14001368508934, 37.45888348788085], [127.13923929877431, 37.45916956072352]]]]}, "properties": {"gosi_year": "2025", "pnu": "4113110700101090003", "jibun": "109-3답", "bonbun": "109", "bubun": "3답", "addr": "경기도 성남시 수정구 복정동 109-3", "gosi_month": "01", "jiga": "2510000", "단지명": "남위례역수자인센트럴아파트"}}, {"type": "Feature", "geometry": {"type": "MultiPolygon", "coordinates": [[[[127.14992926000888, 37.484227614245206], [127.14961475593495, 37.48436360942721], [127.14968378851357, 37.484452721921805], [127.14975790419835, 37.48453930519625], [127.14983653767355, 37.48462335995073], [127.14991968823358, 37.48470452577706], [127.150002710039, 37.48477767280231], [127.15003883996083, 37.48480898220467], [127.15006885046311, 37.48483327148695], [127.15010440815308, 37.48486106768705], [127.15017099045647, 37.484911349855984], [127.1502100543269, 37.48493968221279], [127.15026541879537, 37.48497763473999], [127.1503109306984, 37.4850075807459], [127.15037806447725, 37.485050744199825], [127.15044496522697, 37.485090394007784], [127.15219953446343, 37.486051969374074], [127.15281375142247, 37.48533984482927], [127.15284048960241, 37.48531079838083], [127.15286869889351, 37.48528238074194], [127.15289736115479, 37.48525432291604], [127.1529271556914, 37.485227074532304], [127.15295796925528, 37.48520054563505], [127.15298934867285, 37.48517428630435], [127.15302118160568, 37.485148657083855], [127.15305437312713, 37.48512392711259], [127.15308801798217, 37.485099737150485], [127.15312222887275, 37.485075906852565], [127.15315700634518, 37.48505270651775], [127.15319280393771, 37.485030766263456], [127.15322905431866, 37.48500909571698], [127.15326609759626, 37.4849881449412], [127.15330348132595, 37.48496782441658], [127.15334165777094, 37.48494813356171], [127.15338074127366, 37.48492970292905], [127.15342016632519, 37.484912443144665], [127.15357132699447, 37.484852512394205], [127.15360725588157, 37.48483967194787], [127.15363866670567, 37.48482908980824], [127.15369188891448, 37.484813433969435], [127.15374533851133, 37.484798408513875], [127.15377788488902, 37.48479025757504], [127.15384354660812, 37.48477575693753], [127.15390977619039, 37.4847625169316], [127.15391554050964, 37.48476151839651], [127.15396599392155, 37.48455179053536], [127.15373074520015, 37.48451587361222], [127.15328970149527, 37.484415889318285], [127.15293646332904, 37.484348587297994], [127.15240665799287, 37.48430097144227], [127.15200105840451, 37.48428319840071], [127.151716752791, 37.4842530162356], [127.15129805233742, 37.48424237533655], [127.15083318813069, 37.484214942592466], [127.15033605770412, 37.48405176789593], [127.14992926000888, 37.484227614245206]]]]}, "properties": {"gosi_year": "2025", "pnu": "4145011600106520000", "jibun": "652대", "bonbun": "652", "bubun": "", "addr": "경기도 하남시 학암동 652", "gosi_month": "01", "jiga": "4872000", "단지명": "위례호반써밋아파트"}}, {"type": "Feature", "geometry": {"type": "MultiPolygon", "coordinates": [[[[127.12817538723742, 37.48253730430573], [127.1281915847277, 37.48242087762432], [127.1282151535754, 37.48225074337848], [127.12799148386547, 37.48223098078001], [127.12796780145467, 37.48240111510374], [127.1279517166834, 37.482517541634515], [127.12817538723742, 37.48253730430573]]]]}, "properties": {"gosi_year": "2025", "pnu": "1171010800100810001", "jibun": "81-1대", "bonbun": "81", "bubun": "1", "addr": "서울특별시 송파구 문정동 81-1", "gosi_month": "01", "jiga": "6127000", "단지명": "아름빌아파트"}}, {"type": "Feature", "geometry": {"type": "MultiPolygon", "coordinates": [[[[127.14262552429476, 37.45817157806795], [127.14258570603116, 37.45815387581408], [127.14245845997362, 37.45816492978485], [127.14231912690192, 37.45823987923887], [127.14234127566468, 37.45835815473901], [127.14234419253786, 37.458406805505184], [127.14229478806689, 37.45852093153014], [127.14231886691502, 37.458704077049], [127.14231406012323, 37.458853108906354], [127.1422951241802, 37.458941429895155], [127.14238943316923, 37.45884472984694], [127.14244453669544, 37.45875600531771], [127.14251544263098, 37.458595812257705], [127.1425598061652, 37.45844574208011], [127.14256375020597, 37.4583190561438], [127.14257592428976, 37.45824146512732], [127.14262552429476, 37.45817157806795]]]]}, "properties": {"gosi_year": "2025", "pnu": "4113110700100860000", "jibun": "86답", "bonbun": "86답", "bubun": "", "addr": "경기도 성남시 수정구 복정동 86", "gosi_month": "01", "jiga": "1775000", "단지명": "엘리프남위례역에듀포레아파트"}}, {"type": "Feature", "geometry": {"type": "MultiPolygon", "coordinates": [[[[127.12602786140354, 37.480412773743225], [127.1260799525503, 37.48039523941694], [127.1261216487975, 37.48031356474047], [127.12618272832593, 37.48019411764598], [127.12588635505335, 37.48009802282493], [127.12582561430634, 37.48021746941203], [127.12576904311585, 37.480328802569865], [127.12602786140354, 37.480412773743225]]]]}, "properties": {"gosi_year": "2025", "pnu": "1171010800100740000", "jibun": "74 대", "bonbun": "74", "bubun": "", "addr": "서울특별시 송파구 문정동 74", "gosi_month": "01", "jiga": "10050000", "단지명": "동부주택브리앙뜨아파트"}}, {"type": "Feature", "geometry": {"type": "MultiPolygon", "coordinates": [[[[127.13224408984576, 37.485871260322966], [127.13243244509863, 37.48573310862056], [127.13256851508788, 37.48563240613488], [127.13241783334956, 37.48552373231913], [127.1323723006431, 37.48549091425978], [127.13206541189619, 37.48571665700482], [127.13212870035512, 37.4857713768938], [127.13224408984576, 37.485871260322966]]]]}, "properties": {"gosi_year": "2025", "pnu": "1171010800101120000", "jibun": "112대", "bonbun": "112", "bubun": "", "addr": "서울특별시 송파구 문정동 112", "gosi_month": "01", "jiga": "8884000", "단지명": "트윈팰리스아파트"}}, {"type": "Feature", "geometry": {"type": "MultiPolygon", "coordinates": [[[[127.13386034447481, 37.486552058855445], [127.13391845479862, 37.48661227066768], [127.1339529067418, 37.48665710186738], [127.1339849691779, 37.48669337623369], [127.13400349971289, 37.4867502085698], [127.13404367649584, 37.486835398131056], [127.13432865510768, 37.48718034140384], [127.1344364875168, 37.48722400875084], [127.13465848413472, 37.48724736500538], [127.13475958702041, 37.4872579729356], [127.13478279197179, 37.48727245286678], [127.13500009528693, 37.48745402938956], [127.13503585660185, 37.48766221009868], [127.1351140450375, 37.48782123832289], [127.13516941959192, 37.48786793759838], [127.13532294527958, 37.48779117883113], [127.13538952324798, 37.48777975081375], [127.1354100873508, 37.48777152841162], [127.13542713920462, 37.48775934558649], [127.13543940110317, 37.48772419268725], [127.13545539654687, 37.487690296954355], [127.13547140983306, 37.4876664022994], [127.13549002564443, 37.48764358589128], [127.13551745026271, 37.48761481288986], [127.1355338054582, 37.487592449538475], [127.13533984946834, 37.486428396983655], [127.13521348165084, 37.486325285413095], [127.13470240895762, 37.4859401443825], [127.13427925503426, 37.48622821990425], [127.13387179540871, 37.4865055544166], [127.13386034447481, 37.486552058855445]]]]}, "properties": {"gosi_year": "2025", "pnu": "1171010900108330000", "jibun": "833 대", "bonbun": "833", "bubun": "", "addr": "서울특별시 송파구 장지동 833", "gosi_month": "01", "jiga": "10010000", "단지명": "송파파인타운1단지아파트"}}, {"type": "Feature", "geometry": {"type": "MultiPolygon", "coordinates": [[[[127.13348754638668, 37.4864811166153], [127.13362961937833, 37.48638635281717], [127.133558268637, 37.48631939815553], [127.13343060461406, 37.48624926273325], [127.13332196045035, 37.48632164420139], [127.13348754638668, 37.4864811166153]]]]}, "properties": {"gosi_year": "2025", "pnu": "1171010800101130003", "jibun": "113-3대", "bonbun": "113", "bubun": "3", "addr": "서울특별시 송파구 문정동 113-3", "gosi_month": "01", "jiga": "7990000", "단지명": "문정그린아파트"}}, {"type": "Feature", "geometry": {"type": "MultiPolygon", "coordinates": [[[[127.12539985805425, 37.48262854498763], [127.12592510991188, 37.48267484516835], [127.12602085829512, 37.48198403698651], [127.12645530454901, 37.482022501656395], [127.12655675295673, 37.48129546669615], [127.12633964491447, 37.481276234621994], [127.12635774452376, 37.48114629113871], [127.12628718458444, 37.481140058659115], [127.12624620010187, 37.4811059539862], [127.12626376344129, 37.48099340040184], [127.12628087868433, 37.480883370089174], [127.1262201357374, 37.480797388598646], [127.12615069798326, 37.48071781335544], [127.12606029206519, 37.48067484082202], [127.12603698614902, 37.48066540487193], [127.12593007281477, 37.48062190903238], [127.12577733975871, 37.48055981056428], [127.12564677195226, 37.48056931821288], [127.12471771141101, 37.48239707027228], [127.1249462436203, 37.482417554788995], [127.1251845006191, 37.4824388395866], [127.12530379882118, 37.482449517667426], [127.1254232101486, 37.48246021352915], [127.12539985805425, 37.48262854498763]]]]}, "properties": {"gosi_year": "2025", "pnu": "1171010800100720003", "jibun": "72-3대", "bonbun": "72", "bubun": "3", "addr": "서울특별시 송파구 문정동 72-3", "gosi_month": "01", "jiga": "11240000", "단지명": "건영아파트"}}, {"type": "Feature", "geometry": {"type": "MultiPolygon", "coordinates": [[[[127.13263464925134, 37.48705005669992], [127.13288424042344, 37.48688354492683], [127.13289885071586, 37.48670377914081], [127.1327037383702, 37.486534968291686], [127.13234697066785, 37.48677304773342], [127.13248922405853, 37.48691002236371], [127.13263464925134, 37.48705005669992]]]]}, "properties": {"gosi_year": "2025", "pnu": "1171010800101140000", "jibun": "114대", "bonbun": "114", "bubun": "", "addr": "서울특별시 송파구 문정동 114", "gosi_month": "01", "jiga": "8969000", "단지명": "인택스빌아파트"}}, {"type": "Feature", "geometry": {"type": "MultiPolygon", "coordinates": [[[[127.15605292449548, 37.48744714629149], [127.15623701408668, 37.48723372879913], [127.15635444599465, 37.48710130817869], [127.15651968959706, 37.48690638542953], [127.15674934611485, 37.48663974833601], [127.15373849350038, 37.48499123139453], [127.15372809730644, 37.484994127988465], [127.15368900435381, 37.48500787354655], [127.15350688935439, 37.48508063847211], [127.15344216558057, 37.48511180622087], [127.1534037622176, 37.48513113699931], [127.15336637825159, 37.485151367455416], [127.15333024036082, 37.485172767598904], [127.15329478285035, 37.48519515795762], [127.15326034455288, 37.48521835789687], [127.15322647320404, 37.485242367998275], [127.15319339420688, 37.485266827572914], [127.1531612217204, 37.48529227707501], [127.15312972870157, 37.48531826629654], [127.15309914146485, 37.48534488504768], [127.15306934712622, 37.48537222357399], [127.15304068470255, 37.48540019134126], [127.15301349393928, 37.48542905821476], [127.15298732202587, 37.48545855447588], [127.15296171578788, 37.48548823020611], [127.15255279980023, 37.48596060741448], [127.1525045032327, 37.48606464455655], [127.15241301856555, 37.48617062894101], [127.15563274071906, 37.48793432512728], [127.15605292449548, 37.48744714629149]]]]}, "properties": {"gosi_year": "2025", "pnu": "4145011600106510000", "jibun": "651대", "bonbun": "651", "bubun": "", "addr": "경기도 하남시 학암동 651", "gosi_month": "01", "jiga": "5234000", "단지명": "힐스테이트센트럴위례아파트"}}, {"type": "Feature", "geometry": {"type": "MultiPolygon", "coordinates": [[[[127.13256781217645, 37.48743086648046], [127.1326938493112, 37.48753986476026], [127.13277459027816, 37.4876096926986], [127.13283101727825, 37.48761260330004], [127.13296078301929, 37.48752605310045], [127.1331081665963, 37.48742768003569], [127.13325566301418, 37.48732939675997], [127.13340304597627, 37.48723111342533], [127.13355042839352, 37.48713273980614], [127.13368482290134, 37.487043120232435], [127.1338455311153, 37.48693590153373], [127.13392052065025, 37.48688590211424], [127.13393819688832, 37.486843084796114], [127.13390464642504, 37.48673247956891], [127.13390237217936, 37.48672518401541], [127.13379937852208, 37.486610061441766], [127.13374316205173, 37.48660430390546], [127.13359738452779, 37.4867015587386], [127.13345045465792, 37.486799571517516], [127.13330307276237, 37.48689794501659], [127.13315569032213, 37.48699622823112], [127.1330081945845, 37.48709460148647], [127.13286081137134, 37.48719288433131], [127.1327134277718, 37.48729116699139], [127.13257146494763, 37.4873859115332], [127.13256781217645, 37.48743086648046]]]]}, "properties": {"gosi_year": "2025", "pnu": "1171010800101170000", "jibun": "117 대", "bonbun": "117", "bubun": "", "addr": "서울특별시 송파구 문정동 117", "gosi_month": "01", "jiga": "8969000", "단지명": "문정푸르지오3차아파트"}}, {"type": "Feature", "geometry": {"type": "MultiPolygon", "coordinates": [[[[127.13072555036183, 37.4863045999418], [127.13084040843509, 37.48622797935639], [127.13095718624554, 37.48615009515497], [127.13096084006173, 37.48610522133589], [127.13087761088124, 37.48603305226106], [127.13078554957522, 37.48595332438676], [127.1306937147542, 37.485873686291995], [127.13060176706124, 37.485794048247946], [127.13050993263039, 37.48571441000742], [127.13041809854927, 37.485634861793976], [127.13032626450823, 37.485555223407815], [127.13022684407647, 37.48546910601025], [127.13012742371853, 37.485382898427474], [127.13002811696397, 37.485296870836144], [127.12992360153123, 37.48520625371817], [127.12986741522072, 37.48521072966805], [127.1297869786723, 37.48531587367211], [127.12970293193082, 37.48542579683875], [127.12970854884888, 37.485470660566826], [127.12976992177134, 37.48552375299045], [127.12986164165538, 37.48560312163377], [127.12995347480035, 37.48568249008158], [127.13004530829397, 37.485761948556416], [127.13013702891507, 37.48584140708154], [127.13022886279771, 37.485920865410876], [127.13032080994216, 37.48600032354413], [127.1304127574362, 37.486079871704256], [127.13050470512528, 37.4861594197914], [127.13059665300935, 37.486238967805555], [127.1306691244244, 37.486301688332226], [127.13072555036183, 37.4863045999418]]]]}, "properties": {"gosi_year": "2025", "pnu": "1171010800101040000", "jibun": "104대", "bonbun": "104", "bubun": "", "addr": "서울특별시 송파구 문정동 104", "gosi_month": "01", "jiga": "5975000", "단지명": "현대아파트"}}, {"type": "Feature", "geometry": {"type": "MultiPolygon", "coordinates": [[[[127.12210074007166, 37.48153048412956], [127.12388756579936, 37.48230098522156], [127.12401436094765, 37.48226400289875], [127.12472084183516, 37.480860589881246], [127.12480445539562, 37.480692105544534], [127.12487476434005, 37.480545979865354], [127.12490418198402, 37.480421971378746], [127.125033314493, 37.480158744091824], [127.12512639722999, 37.4800429581865], [127.1253254067808, 37.47964784094595], [127.12336415225037, 37.47892808739508], [127.12327646852741, 37.4790972957595], [127.12318100785667, 37.47921182127384], [127.1222250284248, 37.48105994452869], [127.12219234648744, 37.48119584888728], [127.12206272827743, 37.48144555850989], [127.12210074007166, 37.48153048412956]]]]}, "properties": {"gosi_year": "2025", "pnu": "1171010800106180000", "jibun": "618 대", "bonbun": "618", "bubun": "", "addr": "서울특별시 송파구 문정동 618", "gosi_month": "01", "jiga": "10980000", "단지명": "송파파크하비오푸르지오아파트"}}, {"type": "Feature", "geometry": {"type": "MultiPolygon", "coordinates": [[[[127.1319809317727, 37.486882653700405], [127.13203735819621, 37.48688556468228], [127.13214623008413, 37.486812913848915], [127.13226639557097, 37.48673277211568], [127.13227016154275, 37.48668780803705], [127.13219032799711, 37.486618789638555], [127.13209849118525, 37.48653933284864], [127.13195304381071, 37.48664554123314], [127.13181967901244, 37.48674290631049], [127.13191151609266, 37.486822543514144], [127.1319809317727, 37.486882653700405]]]]}, "properties": {"gosi_year": "2025", "pnu": "1171010800101100007", "jibun": "110-7대", "bonbun": "110", "bubun": "7", "addr": "서울특별시 송파구 문정동 110-7", "gosi_month": "01", "jiga": "5872000", "단지명": "크로바아파트"}}, {"type": "Feature", "geometry": {"type": "MultiPolygon", "coordinates": [[[[127.13152834223291, 37.486831885664905], [127.13167525795902, 37.486724234587975], [127.13159259368307, 37.48665260600326], [127.13144567797806, 37.48676025697868], [127.13152607742674, 37.486829905956526], [127.13152834223291, 37.486831885664905]]]]}, "properties": {"gosi_year": "2025", "pnu": "1171010800101090013", "jibun": "109-13대", "bonbun": "109", "bubun": "13", "addr": "서울특별시 송파구 문정동 109-13", "gosi_month": "01", "jiga": "5732000", "단지명": "보광"}}, {"type": "Feature", "geometry": {"type": "MultiPolygon", "coordinates": [[[[127.14628522215897, 37.48925940931351], [127.14629873599684, 37.489289576244325], [127.1473524408765, 37.488989779142386], [127.1471783563871, 37.488198375472294], [127.14716224387118, 37.48816929303987], [127.14707061574278, 37.48791514378822], [127.14584119746496, 37.488265789377714], [127.14628522215897, 37.48925940931351]]]]}, "properties": {"gosi_year": "2025", "pnu": "1171011300102950000", "jibun": "295대", "bonbun": "295", "bubun": "", "addr": "서울특별시 송파구 거여동 295", "gosi_month": "01", "jiga": "9126000", "단지명": "거여6단지아파트"}}, {"type": "Feature", "geometry": {"type": "MultiPolygon", "coordinates": [[[[127.1450599580713, 37.48960805942595], [127.14600823345775, 37.48933822545005], [127.14603083246534, 37.489330178913605], [127.1460516169308, 37.4893193414935], [127.14607002218601, 37.48930607428146], [127.14608559646244, 37.489290648131224], [127.14609788834005, 37.48927351409618], [127.1461067854427, 37.48925503271474], [127.14611183635232, 37.48923565503993], [127.14611304211357, 37.48921592167076], [127.1461104035979, 37.4891962831062], [127.1461039216765, 37.489177189844725], [127.14570090500236, 37.48828064696044], [127.14569200218513, 37.488260844837555], [127.14567912184908, 37.488242381046945], [127.14566269492853, 37.48822591279141], [127.14564310653948, 37.48821179098972], [127.1456209227269, 37.488200375349855], [127.14559659663699, 37.48819211581772], [127.14557091976117, 37.48818701142701], [127.14554457121153, 37.488185421748966], [127.14551822923475, 37.48818725585654], [127.14549460613716, 37.48819178964472], [127.1445217057489, 37.48846786624653], [127.14449656682118, 37.48850772086321], [127.14497826049276, 37.489577254364626], [127.1450599580713, 37.48960805942595]]]]}, "properties": {"gosi_year": "2025", "pnu": "1171011300102940000", "jibun": "294대", "bonbun": "294", "bubun": "", "addr": "서울특별시 송파구 거여동 294", "gosi_month": "01", "jiga": "9267000", "단지명": "거여5단지아파트"}}, {"type": "Feature", "geometry": {"type": "MultiPolygon", "coordinates": [[[[127.12528055974728, 37.48261798413458], [127.12530379882118, 37.482449517667426], [127.1251845006191, 37.4824388395866], [127.12516137456551, 37.48260744106263], [127.12528055974728, 37.48261798413458]]]]}, "properties": {"gosi_year": "2025", "pnu": "1171010800100720002", "jibun": "72-2대", "bonbun": "72", "bubun": "2", "addr": "서울특별시 송파구 문정동 72-2", "gosi_month": "01", "jiga": "9895000", "단지명": "아이디움아파트"}}, {"type": "Feature", "geometry": {"type": "MultiPolygon", "coordinates": [[[[127.14395820435102, 37.48992113869762], [127.14404341563912, 37.48989688914728], [127.14394882029725, 37.4896834663063], [127.14434040845852, 37.489573161736566], [127.14437560544421, 37.48964898335605], [127.14477883101057, 37.489534338463294], [127.14433688390365, 37.488553324383766], [127.14428754872506, 37.48853437291246], [127.14355207554216, 37.48874302989921], [127.1434026786632, 37.48878735839081], [127.14336166370687, 37.488803265234], [127.14332302953613, 37.488822502904696], [127.14328552861492, 37.488843090702645], [127.14325006704674, 37.4888658384418], [127.1432164180064, 37.48889038599607], [127.14318582647253, 37.48891736257406], [127.14315795203952, 37.48894613788627], [127.14311270892205, 37.48899845010215], [127.143075912808, 37.48903309258474], [127.1430592014665, 37.489045456302385], [127.14304090439374, 37.48905638031743], [127.14299323581302, 37.489081755499235], [127.14296272933285, 37.48909395552084], [127.14294137113903, 37.48910055838618], [127.14290893732519, 37.48911005770158], [127.14327524771198, 37.48992475318761], [127.14388325477685, 37.489751931201305], [127.14395820435102, 37.48992113869762]]]]}, "properties": {"gosi_year": "2025", "pnu": "1171011300102930000", "jibun": "293대", "bonbun": "293", "bubun": "", "addr": "서울특별시 송파구 거여동 293", "gosi_month": "01", "jiga": "9348000", "단지명": "거여4단지아파트"}}, {"type": "Feature", "geometry": {"type": "MultiPolygon", "coordinates": [[[[127.12519244913773, 37.48300835393558], [127.12522239689935, 37.48279415467843], [127.12506521687023, 37.482780263519125], [127.12503526881356, 37.48299455283768], [127.12510062876355, 37.48300034100014], [127.12519244913773, 37.48300835393558]]]]}, "properties": {"gosi_year": "2025", "pnu": "1171010800100700016", "jibun": "70-16대", "bonbun": "70", "bubun": "16", "addr": "서울특별시 송파구 문정동 70-16", "gosi_month": "01", "jiga": "9242000", "단지명": "그랜빌캐슬아파트"}}, {"type": "Feature", "geometry": {"type": "MultiPolygon", "coordinates": [[[[127.15742192326992, 37.462125971807986], [127.1574906393873, 37.46211169032797], [127.15756008444413, 37.46210552588932], [127.15759438338212, 37.462102579364654], [127.15762978011648, 37.46210574018533], [127.15766802518385, 37.462108870201824], [127.15770078332804, 37.462115079880185], [127.15774156140803, 37.462124171170075], [127.15775162516104, 37.46212606799416], [127.15776787886564, 37.46213138945783], [127.15783091022713, 37.46215549805525], [127.15789433733245, 37.46217965114546], [127.15789465346249, 37.46140872485276], [127.15785138577708, 37.46137632793788], [127.15650172468825, 37.461376871235174], [127.15648650869778, 37.461375855034206], [127.15644137732993, 37.46140953967016], [127.15644177831547, 37.4615984255921], [127.15647088951589, 37.46164505041491], [127.15648994970151, 37.46166302747896], [127.15651292122965, 37.461670277464655], [127.15654024964665, 37.46168004454153], [127.15683036421187, 37.46176116843427], [127.15684622427108, 37.46176750867682], [127.1568489976046, 37.46176947823003], [127.15690112469626, 37.461806359870856], [127.15691679768632, 37.46182061116318], [127.15711463553109, 37.46210950999541], [127.15713761071338, 37.462178424550515], [127.15717025475956, 37.46224410978269], [127.157210504501, 37.46230911824264], [127.15721989041224, 37.462316629258105], [127.15723839679083, 37.462312658478155], [127.15722181551703, 37.46230744549384], [127.15714755705196, 37.46218366430453], [127.15721432883765, 37.462169241385105], [127.15728345196578, 37.46215496849939], [127.1573527327129, 37.46214040704426], [127.15742192326992, 37.462125971807986]]]]}, "properties": {"gosi_year": "2025", "pnu": "4113110400100060000", "jibun": "6대", "bonbun": "6", "bubun": "", "addr": "경기도 성남시 수정구 단대동 6", "gosi_month": "01", "jiga": "3007000", "단지명": "선경논골아파트"}}, {"type": "Feature", "geometry": {"type": "MultiPolygon", "coordinates": [[[[127.13142930042338, 37.48781507585431], [127.13145342413563, 37.48783802482867], [127.13157336617574, 37.4877580642582], [127.13139917788037, 37.48759265205148], [127.13127934883204, 37.487672522223214], [127.13142930042338, 37.48781507585431]]]]}, "properties": {"gosi_year": "2025", "pnu": "1171010800101150009", "jibun": "115-9대", "bonbun": "115", "bubun": "9", "addr": "서울특별시 송파구 문정동 115-9", "gosi_month": "01", "jiga": "6657000", "단지명": "드림팰리스아파트"}}, {"type": "Feature", "geometry": {"type": "MultiPolygon", "coordinates": [[[[127.1507294625291, 37.48812080105206], [127.15074999156046, 37.4882094335068], [127.1517968192633, 37.48878285441515], [127.15192783435192, 37.48882179108916], [127.1521143817726, 37.48892399712698], [127.15222549841235, 37.48890754735007], [127.15345791561418, 37.48747905555193], [127.15195311362439, 37.4866546740134], [127.15089858340723, 37.487877137194324], [127.15084960561495, 37.48798153489025], [127.1507294625291, 37.48812080105206]]]]}, "properties": {"gosi_year": "2025", "pnu": "1171011300106480000", "jibun": "648 대", "bonbun": "648", "bubun": "", "addr": "서울특별시 송파구 거여동 648", "gosi_month": "01", "jiga": "6383000", "단지명": "위례포레샤인18단지아파트"}}, {"type": "Feature", "geometry": {"type": "MultiPolygon", "coordinates": [[[[127.15813020150645, 37.46242406043071], [127.1581694880628, 37.462438703731586], [127.15820703663849, 37.46244922272677], [127.15824212707685, 37.46245717710937], [127.15826943085816, 37.46246031243014], [127.15831618157034, 37.46246062883299], [127.15836229548493, 37.46245911702498], [127.15838906675246, 37.46245623432023], [127.15848841286466, 37.46243568566312], [127.15860523704087, 37.4624113474961], [127.15879878835621, 37.462371364811375], [127.15891786122425, 37.46234681611162], [127.15869481732632, 37.462191113184474], [127.15855110384241, 37.46218869132262], [127.1585513448408, 37.46217961789488], [127.15807998052533, 37.46217426062374], [127.15806449614814, 37.462185561702846], [127.15806397341126, 37.46235230214316], [127.15813020150645, 37.46242406043071]]]]}, "properties": {"gosi_year": "2025", "pnu": "4113110400100030000", "jibun": "3대", "bonbun": "3", "bubun": "", "addr": "경기도 성남시 수정구 단대동 3", "gosi_month": "01", "jiga": "3121000", "단지명": "낙원아파트"}}, {"type": "Feature", "geometry": {"type": "MultiPolygon", "coordinates": [[[[127.14643181948367, 37.49127827947034], [127.14647286804322, 37.4912794004147], [127.1465139105085, 37.49127736785445], [127.14655449492199, 37.49127236254425], [127.14659439478005, 37.49126420456285], [127.14663304522507, 37.49125316490451], [127.14667022010285, 37.491239243848305], [127.14670558035898, 37.49122253191221], [127.14673878728875, 37.49120329981394], [127.14676961474046, 37.49118154783331], [127.14679772418597, 37.49115763678818], [127.14684852869244, 37.491116668933365], [127.14687392900447, 37.49109519390068], [127.14690193456443, 37.49107605825519], [127.14692260561299, 37.4910648604246], [127.1468079049136, 37.49080938799074], [127.14734742509657, 37.49065573359293], [127.14674825589239, 37.48931893774082], [127.14636108227326, 37.4894291547798], [127.1451341207117, 37.48977834833399], [127.14509647626755, 37.48984209475975], [127.1457043556272, 37.49119375475138], [127.14574861735291, 37.491219379209824], [127.14643181948367, 37.49127827947034]]]]}, "properties": {"gosi_year": "2025", "pnu": "1171011300102910000", "jibun": "291대", "bonbun": "291", "bubun": "", "addr": "서울특별시 송파구 거여동 291", "gosi_month": "01", "jiga": "9268000", "단지명": "거여2단지효성동아아파트"}}, {"type": "Feature", "geometry": {"type": "MultiPolygon", "coordinates": [[[[127.15653265764062, 37.4846457591051], [127.15631068393586, 37.48468785652952], [127.15572568300291, 37.48479791281197], [127.1556371851962, 37.48481379578455], [127.15557049917535, 37.48482487495285], [127.15550358552456, 37.48483523357996], [127.15543644461519, 37.48484505186503], [127.15536918932946, 37.48485423956071], [127.15530170641873, 37.48486270671414], [127.15523444777784, 37.48487027253696], [127.15515543141767, 37.48487839421083], [127.15508771753498, 37.48488451894171], [127.15500869782585, 37.48489101872133], [127.15492956245818, 37.484896257197846], [127.15486161799008, 37.48490021969787], [127.15478202665903, 37.48490365666678], [127.15471362586672, 37.484905637473034], [127.15464556353177, 37.4849072574009], [127.15457772603826, 37.484908246298104], [127.15450943425975, 37.484908244644274], [127.15436176660705, 37.48490645355636], [127.15430500696566, 37.484906166565985], [127.15424825135955, 37.48490786174371], [127.15419161083302, 37.48491054784576], [127.1541353131644, 37.48491503547842], [127.15407901860337, 37.4849210547807], [127.1540229529114, 37.484928425261195], [127.1539673431321, 37.484937597127384], [127.15391218852952, 37.48494820998079], [127.15385726351833, 37.48496053441294], [127.15381398095958, 37.484971222013115], [127.1537708121855, 37.48498226985092], [127.15373849350038, 37.48499123139453], [127.15674934611485, 37.48663974833601], [127.15711418014864, 37.48683956074301], [127.15740939890148, 37.48700099118926], [127.15831435945987, 37.48595211092053], [127.15850757492784, 37.48572795583328], [127.15709625092697, 37.48495460204482], [127.15653265764062, 37.4846457591051]]]]}, "properties": {"gosi_year": "2025", "pnu": "4145011600106460000", "jibun": "646대", "bonbun": "646", "bubun": "", "addr": "경기도 하남시 학암동 646", "gosi_month": "01", "jiga": "5129000", "단지명": "위례숲우미린아파트"}}, {"type": "Feature", "geometry": {"type": "MultiPolygon", "coordinates": [[[[127.16025494876774, 37.48329150589012], [127.15920168481424, 37.48271084282622], [127.15887614284864, 37.483071586936184], [127.15877249369179, 37.48324760022524], [127.1587004836613, 37.48336095180129], [127.15867116497552, 37.48339811201918], [127.15861375517984, 37.483464772296465], [127.15858611142687, 37.483491929160735], [127.15855359819481, 37.483515398388455], [127.15851700541997, 37.483534458125625], [127.15847701110967, 37.483548927267805], [127.15843474458525, 37.48355817361145], [127.15839122342628, 37.48356219580317], [127.1577117505668, 37.483581746674645], [127.15765319996476, 37.483589662763215], [127.15759919644475, 37.48360937592218], [127.15755358171249, 37.48363970978385], [127.15751929073173, 37.483678407981735], [127.15749891835594, 37.48372276409873], [127.15749370250137, 37.483769983406454], [127.1575153282071, 37.48416531382848], [127.15758214646756, 37.484163874091315], [127.15764862909424, 37.48416414666049], [127.15771500222054, 37.48416613123773], [127.15778137910304, 37.48416991777341], [127.1578474201778, 37.484175326516706], [127.15791335176571, 37.48418244726874], [127.15797883467793, 37.48419128047872], [127.15847636164585, 37.484265403640514], [127.1585456951138, 37.48427720472204], [127.1586140168699, 37.48429180020903], [127.15868132729875, 37.484309370302704], [127.15874739952301, 37.484329554906566], [127.15881212086175, 37.484352534372746], [127.15887526500255, 37.48437821890474], [127.15893637931345, 37.48440642890811], [127.15899580299283, 37.48443716393378], [127.15903938042648, 37.48445972095339], [127.1592268328533, 37.48456272553249], [127.1592747374323, 37.4845890428701], [127.15931809156046, 37.4846128614847], [127.1594292276516, 37.48467390894524], [127.15982183286998, 37.48458655419306], [127.15995796743385, 37.48455626029382], [127.16003123324568, 37.48453996204097], [127.16011159617133, 37.484522077466345], [127.16014143007789, 37.48451482941608], [127.16016753264579, 37.48450749626838], [127.16019555407279, 37.484498628837535], [127.16029362482041, 37.484465610582255], [127.1603105713919, 37.48445937090659], [127.16033836150497, 37.48444807105193], [127.16036524461147, 37.48443560110971], [127.16038319035039, 37.484426008359286], [127.16039381776665, 37.48442033578798], [127.160421030126, 37.484403180188814], [127.16044631922732, 37.48438548657009], [127.16054983325625, 37.48430687016475], [127.1606036833164, 37.484268234859925], [127.16071196732628, 37.48419979319247], [127.16074403805281, 37.48418109927201], [127.160807969205, 37.48415118999098], [127.16085948714657, 37.48413255992009], [127.16088864033433, 37.48412432149849], [127.16098288524903, 37.48410031783333], [127.16101577183049, 37.48409315554207], [127.16104504398828, 37.484087710022266], [127.16110009077224, 37.48408033758608], [127.16115095761803, 37.48407459257215], [127.16118508883743, 37.48406787905233], [127.16121514379329, 37.484058377931085], [127.16124575830855, 37.48404617304474], [127.16127399194328, 37.48403090796845], [127.16129939282247, 37.48401276351501], [127.16131835363866, 37.48399679016696], [127.1613426079253, 37.48397116895195], [127.16138964047352, 37.48391704530274], [127.1604055101715, 37.483374510916185], [127.16025494876774, 37.48329150589012]]]]}, "properties": {"gosi_year": "2025", "pnu": "4145011600106410000", "jibun": "641대", "bonbun": "641", "bubun": "", "addr": "경기도 하남시 학암동 641", "gosi_month": "01", "jiga": "5076000", "단지명": "위례중흥S-클래스아파트"}}, {"type": "Feature", "geometry": {"type": "MultiPolygon", "coordinates": [[[[127.14412290402923, 37.491977561388154], [127.14417202162105, 37.49199984687535], [127.14551656927577, 37.49126921722326], [127.14553739979088, 37.491223150764014], [127.14499186551953, 37.49001007806563], [127.14460536366276, 37.49012001822778], [127.14419648425849, 37.49023638124687], [127.14411938509325, 37.49006699630607], [127.14403417363683, 37.49009124591085], [127.1441112726349, 37.49026063090687], [127.14350507048078, 37.49043309148571], [127.14368777997552, 37.490841024550285], [127.14380645370753, 37.491110190427456], [127.14396974607668, 37.491533193078595], [127.14412290402923, 37.491977561388154]]]]}, "properties": {"gosi_year": "2025", "pnu": "1171011300102900000", "jibun": "290대", "bonbun": "290", "bubun": "", "addr": "서울특별시 송파구 거여동 290", "gosi_month": "01", "jiga": "9348000", "단지명": "거여1단지아파트"}}]}