{"type": "FeatureCollection", "features": [{"type": "Feature", "properties": {"단지명": "위례센트럴자이아파트"}, "geometry": {"type": "MultiLineString", "coordinates": [[[127.14058947200309, 37.47307123444663], [127.1405839200265, 37.472962913588105], [127.14053117045512, 37.47213800839937], [127.14053117289836, 37.47205190728363]], [[127.14053117289836, 37.47205190728363], [127.14082003599798, 37.472035247758704]], [[127.14082003599798, 37.472035247758704], [127.14205881328786, 37.47199916317059]], [[127.14205881328786, 37.47199916317059], [127.14206991834443, 37.472176920513164], [127.14212822280716, 37.47300738071328]]]}}, {"type": "Feature", "properties": {"단지명": "위례보미리즌빌아파트"}, "geometry": {"type": "MultiLineString", "coordinates": [[[127.14176995042443, 37.472007490329204], [127.14205881328786, 37.47199916317059]], [[127.14205881328786, 37.47199916317059], [127.14206991834443, 37.472176920513164], [127.14212822280716, 37.47300738071328]]]}}, {"type": "Feature", "properties": {"단지명": "위례35단지아파트"}, "geometry": {"type": "MultiLineString", "coordinates": [[[127.14347810150122, 37.472957410853226], [127.14345866859897, 37.47261300603964], [127.14345033957036, 37.47248802039874], [127.14340868709637, 37.47212139554155], [127.14341980255743, 37.47193252877805]], [[127.14341980255743, 37.47193252877805], [127.14313371714016, 37.471943633441796]], [[127.14313371714016, 37.471943633441796], [127.14205881328786, 37.47199916317059]], [[127.14205881328786, 37.47199916317059], [127.14206991834443, 37.472176920513164], [127.14212822280716, 37.47300738071328]]]}}, {"type": "Feature", "properties": {"단지명": "위례중앙푸르지오1단지아파트"}, "geometry": {"type": "MultiLineString", "coordinates": [[[127.14209485458879, 37.47434333613209], [127.14209485561356, 37.47430722921266], [127.14220040378034, 37.47422946236597]], [[127.14220040378034, 37.47422946236597], [127.1421282222554, 37.47302682290069], [127.14212822280716, 37.47300738071328]]]}}, {"type": "Feature", "properties": {"단지명": "위례중앙푸르지오2단지아파트"}, "geometry": {"type": "MultiLineString", "coordinates": [[[127.1422865041465, 37.47433222976588], [127.14228372725186, 37.47431001007308], [127.14220040378034, 37.47422946236597]], [[127.14220040378034, 37.47422946236597], [127.1421282222554, 37.47302682290069], [127.14212822280716, 37.47300738071328]]]}}, {"type": "Feature", "properties": {"단지명": "송파꿈에그린위례24단지아파트"}, "geometry": {"type": "MultiLineString", "coordinates": [[[127.14064775896738, 37.47451828973038], [127.1406588631565, 37.47472659908097], [127.14069774527813, 37.474840475450776], [127.14072550886425, 37.47525153934118]], [[127.14072550886425, 37.47525153934118], [127.14104492450409, 37.47524321273356]], [[127.14104492450409, 37.47524321273356], [127.14110880640233, 37.475284875715275], [127.14153376823815, 37.475268218644565], [127.14180596594893, 37.475259891185864], [127.14212815927192, 37.47524600971791]], [[127.14212815927192, 37.47524600971791], [127.14209485561356, 37.47430722921266], [127.14220040378034, 37.47422946236597]], [[127.14220040378034, 37.47422946236597], [127.1421282222554, 37.47302682290069], [127.14212822280716, 37.47300738071328]]]}}, {"type": "Feature", "properties": {"단지명": "위례신도시신안인스빌아스트로아파트"}, "geometry": {"type": "MultiLineString", "coordinates": [[[127.14355583105875, 37.47440724394493], [127.1436030295946, 37.475090498809905]], [[127.1436030295946, 37.475090498809905], [127.14332805364864, 37.475123823316224]], [[127.14332805364864, 37.475123823316224], [127.14332805325446, 37.47513771059292], [127.1433030548965, 37.475159929784915], [127.1432475032878, 37.47519881315809], [127.14293086501503, 37.47521269472594], [127.14235313913241, 37.4752349039527]], [[127.14235313913241, 37.4752349039527], [127.14228372725186, 37.47431001007308], [127.14220040378034, 37.47422946236597]], [[127.14220040378034, 37.47422946236597], [127.1421282222554, 37.47302682290069], [127.14212822280716, 37.47300738071328]]]}}, {"type": "Feature", "properties": {"단지명": "위례아트리버푸르지오1단지아파트"}, "geometry": {"type": "MultiLineString", "coordinates": [[[127.14169776747627, 37.47085484505697], [127.1418338663718, 37.47084929259969]], [[127.1418338663718, 37.47084929259969], [127.14186441260807, 37.47107982194469]], [[127.14186441260807, 37.47107982194469], [127.14199773397831, 37.47107426943737]], [[127.14199773397831, 37.47107426943737], [127.14201716830063, 37.47136868005512], [127.14205881328786, 37.47199916317059], [127.14206991834443, 37.472176920513164], [127.14212822280716, 37.47300738071328]]]}}, {"type": "Feature", "properties": {"단지명": "위례아트리버푸르지오2단지아파트"}, "geometry": {"type": "MultiLineString", "coordinates": [[[127.14208384396075, 37.47083818728459], [127.14210328663759, 37.47083818763509]], [[127.14210328663759, 37.47083818763509], [127.14213383287381, 37.47106871698013]], [[127.14213383287381, 37.47106871698013], [127.14199773397831, 37.47107426943737]], [[127.14199773397831, 37.47107426943737], [127.14201716830063, 37.47136868005512], [127.14205881328786, 37.47199916317059], [127.14206991834443, 37.472176920513164], [127.14212822280716, 37.47300738071328]]]}}, {"type": "Feature", "properties": {"단지명": "위례아이파크아파트"}, "geometry": {"type": "MultiLineString", "coordinates": [[[127.14198094523081, 37.475429319116095], [127.14214204185288, 37.4754237671098]], [[127.14214204185288, 37.4754237671098], [127.14212815927192, 37.47524600971791]], [[127.14212815927192, 37.47524600971791], [127.14209485561356, 37.47430722921266], [127.14220040378034, 37.47422946236597]], [[127.14220040378034, 37.47422946236597], [127.1421282222554, 37.47302682290069], [127.14212822280716, 37.47300738071328]]]}}, {"type": "Feature", "properties": {"단지명": "송파와이즈더샵아파트"}, "geometry": {"type": "MultiLineString", "coordinates": [[[127.14236146674166, 37.475409883789126], [127.14235313913241, 37.4752349039527]], [[127.14235313913241, 37.4752349039527], [127.14228372725186, 37.47431001007308], [127.14220040378034, 37.47422946236597]], [[127.14220040378034, 37.47422946236597], [127.1421282222554, 37.47302682290069], [127.14212822280716, 37.47300738071328]]]}}, {"type": "Feature", "properties": {"단지명": "래미안위례아파트"}, "geometry": {"type": "MultiLineString", "coordinates": [[[127.1430587563532, 37.470802097940094], [127.14305597882793, 37.47080209789002], [127.14298654061749, 37.47080487409356]], [[127.14298654061749, 37.47080487409356], [127.14299486657254, 37.47103818049349]], [[127.14299486657254, 37.47103818049349], [127.14213383287381, 37.47106871698013], [127.14199773397831, 37.47107426943737]], [[127.14199773397831, 37.47107426943737], [127.14201716830063, 37.47136868005512], [127.14205881328786, 37.47199916317059], [127.14206991834443, 37.472176920513164], [127.14212822280716, 37.47300738071328]]]}}, {"type": "Feature", "properties": {"단지명": "위례자이아파트"}, "geometry": {"type": "MultiLineString", "coordinates": [[[127.14038121979299, 37.47087981842277], [127.14038677484352, 37.47087981852291]], [[127.14038677484352, 37.47087981852291], [127.140358992104, 37.471143676280526]], [[127.140358992104, 37.471143676280526], [127.1404117640594, 37.471179784151346]], [[127.1404117640594, 37.471179784151346], [127.1404450936532, 37.471204781850304], [127.14051173242837, 37.471974138183434], [127.14052839687058, 37.47199913558197], [127.14053117289836, 37.47205190728363]], [[127.14053117289836, 37.47205190728363], [127.14082003599798, 37.472035247758704]], [[127.14082003599798, 37.472035247758704], [127.14205881328786, 37.47199916317059]], [[127.14205881328786, 37.47199916317059], [127.14206991834443, 37.472176920513164], [127.14212822280716, 37.47300738071328]]]}}, {"type": "Feature", "properties": {"단지명": "위례센트로엘아파트"}, "geometry": {"type": "MultiLineString", "coordinates": [[[127.14391687110559, 37.47575431629458], [127.1439002067425, 37.47572654144073], [127.1438279940819, 37.47562099683586], [127.14370578888376, 37.47541268548206], [127.14364746479538, 37.475273811663506], [127.14360858259533, 37.47516271274887], [127.1436030295946, 37.475090498809905]], [[127.1436030295946, 37.475090498809905], [127.14332805364864, 37.475123823316224]], [[127.14332805364864, 37.475123823316224], [127.14332805325446, 37.47513771059292], [127.1433030548965, 37.475159929784915], [127.1432475032878, 37.47519881315809], [127.14293086501503, 37.47521269472594], [127.14235313913241, 37.4752349039527]], [[127.14235313913241, 37.4752349039527], [127.14228372725186, 37.47431001007308], [127.14220040378034, 37.47422946236597]], [[127.14220040378034, 37.47422946236597], [127.1421282222554, 37.47302682290069], [127.14212822280716, 37.47300738071328]]]}}, {"type": "Feature", "properties": {"단지명": "위례31단지아파트"}, "geometry": {"type": "MultiLineString", "coordinates": [[[127.136737042669, 37.473135046478305], [127.13685647641219, 37.47312949372028]], [[127.13685647641219, 37.47312949372028], [127.1368509238835, 37.473040615049314], [127.1368703721554, 37.47284341607067], [127.13685371646045, 37.47251012112948], [127.13680929528424, 37.47183242122504], [127.13677041300396, 37.47172409976581], [127.1367482033611, 37.47135192034918]], [[127.1367482033611, 37.47135192034918], [127.13724538061773, 37.47134359694392]], [[127.13724538061773, 37.47134359694392], [127.13727315642186, 37.4713241552571], [127.13730926527457, 37.4712880489884], [127.13768145381617, 37.471282500785904], [127.1377842233538, 37.47124361826333], [127.13859526167397, 37.47121030341744], [127.13881190895917, 37.471199197501015], [127.13891467731486, 37.471201976808736], [127.13903411121612, 37.4711908691401], [127.13913132467891, 37.47118809343701], [127.140358992104, 37.471143676280526]], [[127.140358992104, 37.471143676280526], [127.1404117640594, 37.471179784151346]], [[127.1404117640594, 37.471179784151346], [127.1404450936532, 37.471204781850304], [127.14051173242837, 37.471974138183434], [127.14052839687058, 37.47199913558197], [127.14053117289836, 37.47205190728363]], [[127.14053117289836, 37.47205190728363], [127.14082003599798, 37.472035247758704]], [[127.14082003599798, 37.472035247758704], [127.14205881328786, 37.47199916317059]], [[127.14205881328786, 37.47199916317059], [127.14206991834443, 37.472176920513164], [127.14212822280716, 37.47300738071328]]]}}, {"type": "Feature", "properties": {"단지명": "위례포레샤인23단지아파트"}, "geometry": {"type": "MultiLineString", "coordinates": [[[127.13694808974503, 37.47471542236897], [127.13694531363842, 37.47466542812292], [127.13690642938842, 37.47462654304737]], [[127.13690642938842, 37.47462654304737], [127.13747860021877, 37.47460433371794]], [[127.13747860021877, 37.47460433371794], [127.13749804344717, 37.474584891881065], [127.13753970758684, 37.47454045334669], [127.13793411656546, 37.474526573179304], [127.13804521844217, 37.47449602317326], [127.14054221647618, 37.47439607979281]], [[127.14054221647618, 37.47439607979281], [127.1405172289959, 37.47403501014816]], [[127.1405172289959, 37.47403501014816], [127.14057833470905, 37.47402945633904], [127.1406588843601, 37.47397946359498]], [[127.1406588843601, 37.47397946359498], [127.14093108222878, 37.473965581225265]], [[127.14093108222878, 37.473965581225265], [127.14091720366712, 37.473646173610746], [127.14091165137536, 37.47354896257366], [127.14090054955055, 37.47325732956246], [127.14088111585922, 37.47294069930284], [127.1408561283783, 37.47257962965744], [127.14082003599798, 37.472035247758704]], [[127.14082003599798, 37.472035247758704], [127.14205881328786, 37.47199916317059]], [[127.14205881328786, 37.47199916317059], [127.14206991834443, 37.472176920513164], [127.14212822280716, 37.47300738071328]]]}}, {"type": "Feature", "properties": {"단지명": "위례역푸르지오4단지아파트"}, "geometry": {"type": "MultiLineString", "coordinates": [[[127.1417450502658, 37.468569000149486], [127.14173393559402, 37.46873009236015], [127.14172559986599, 37.46884119042436], [127.141595051844, 37.46899394811597]], [[127.141595051844, 37.46899394811597], [127.14171170617155, 37.469055054236705]], [[127.14171170617155, 37.469055054236705], [127.14171724932217, 37.46947445009597]], [[127.14171724932217, 37.46947445009597], [127.14172558197679, 37.46947167279082], [127.14182557264999, 37.46948000695935], [127.1418922322319, 37.469516115080644]], [[127.1418922322319, 37.469516115080644], [127.14192832776602, 37.46994939876723], [127.14193388060986, 37.470027167617324], [127.14197830091686, 37.47073541953386], [127.14198107607771, 37.470818743244514], [127.1419866304189, 37.47084374044283]], [[127.1419866304189, 37.47084374044283], [127.14210328663759, 37.47083818763509]], [[127.14210328663759, 37.47083818763509], [127.14213383287381, 37.47106871698013]], [[127.14213383287381, 37.47106871698013], [127.14199773397831, 37.47107426943737]], [[127.14199773397831, 37.47107426943737], [127.14201716830063, 37.47136868005512], [127.14205881328786, 37.47199916317059], [127.14206991834443, 37.472176920513164], [127.14212822280716, 37.47300738071328]]]}}, {"type": "Feature", "properties": {"단지명": "위례자이더시티아파트"}, "geometry": {"type": "MultiLineString", "coordinates": [[[127.14734442108157, 37.47280194306489], [127.14737496148143, 37.47323800410589], [127.14742773185968, 37.47332966108404], [127.14744438502706, 37.47375183459759]], [[127.14744438502706, 37.47375183459759], [127.14691110088616, 37.473726827883205]], [[127.14691110088616, 37.473726827883205], [127.14689165773628, 37.4737434922647], [127.14683332852313, 37.47378515304315], [127.14639725674165, 37.47379625500143], [127.14625560208609, 37.47382680445602], [127.14485572762078, 37.47388788323264], [127.14364194766442, 37.4739378555445]], [[127.14364194766442, 37.4739378555445], [127.14361972746238, 37.47393785514388], [127.14355584564281, 37.47389341470661]], [[127.14355584564281, 37.47389341470661], [127.14353084838848, 37.47387674952385], [127.14352251975428, 37.47373787660645], [127.14349198140232, 37.47322960172753], [127.14345866859897, 37.47261300603964], [127.14345033957036, 37.47248802039874], [127.14340868709637, 37.47212139554155], [127.14341980255743, 37.47193252877805]], [[127.14341980255743, 37.47193252877805], [127.14313371714016, 37.471943633441796]], [[127.14313371714016, 37.471943633441796], [127.14205881328786, 37.47199916317059]], [[127.14205881328786, 37.47199916317059], [127.14206991834443, 37.472176920513164], [127.14212822280716, 37.47300738071328]]]}}, {"type": "Feature", "properties": {"단지명": "위례자이더파크아파트"}, "geometry": {"type": "MultiLineString", "coordinates": [[[127.14735278306402, 37.471765952368266], [127.14725279183897, 37.471777060386714]], [[127.14725279183897, 37.471777060386714], [127.14723891115014, 37.471532644064986], [127.14715281716916, 37.47120490278034], [127.14704450314345, 37.470871606184225], [127.1468723078493, 37.47047442696286]], [[127.1468723078493, 37.47047442696286], [127.14689452907628, 37.470438320443826]], [[127.14689452907628, 37.470438320443826], [127.14639179274513, 37.47058829396878]], [[127.14639179274513, 37.47058829396878], [127.14626402776504, 37.47054662983475], [127.14566407686738, 37.4707382634375], [127.14551686676684, 37.47078270006909], [127.14531688297679, 37.47085213284742], [127.14528910756643, 37.470857687257364], [127.14507245909778, 37.470910455003114], [127.1448585887062, 37.47094378061148], [127.14462249834901, 37.4709687734532], [127.14439751848705, 37.470979879218476], [127.14417253862513, 37.47099098498379], [127.14398088914527, 37.47099931389469], [127.14393922618746, 37.47100209059893], [127.14381423676225, 37.471029862899115], [127.14343649285321, 37.471046520821176], [127.14340871704881, 37.47106596250792]], [[127.14340871704881, 37.47106596250792], [127.14336705338162, 37.471093736310344], [127.14341424947749, 37.47186309229413], [127.14341980255743, 37.47193252877805]], [[127.14341980255743, 37.47193252877805], [127.14313371714016, 37.471943633441796]], [[127.14313371714016, 37.471943633441796], [127.14205881328786, 37.47199916317059]], [[127.14205881328786, 37.47199916317059], [127.14206991834443, 37.472176920513164], [127.14212822280716, 37.47300738071328]]]}}, {"type": "Feature", "properties": {"단지명": "플로리체위례아파트"}, "geometry": {"type": "MultiLineString", "coordinates": [[[127.14758602919636, 37.47409068670436], [127.14753603366279, 37.474093463258164], [127.14748603718307, 37.47412956927613], [127.147472148926, 37.47415178866847]], [[127.147472148926, 37.47415178866847], [127.14693053008078, 37.474201773098095]], [[127.14693053008078, 37.474201773098095], [127.14689165773628, 37.4737434922647]], [[127.14689165773628, 37.4737434922647], [127.14683332852313, 37.47378515304315], [127.14639725674165, 37.47379625500143], [127.14625560208609, 37.47382680445602], [127.14485572762078, 37.47388788323264], [127.14364194766442, 37.4739378555445]], [[127.14364194766442, 37.4739378555445], [127.14361972746238, 37.47393785514388], [127.14355584564281, 37.47389341470661]], [[127.14355584564281, 37.47389341470661], [127.14353084838848, 37.47387674952385], [127.14352251975428, 37.47373787660645], [127.14349198140232, 37.47322960172753], [127.14345866859897, 37.47261300603964], [127.14345033957036, 37.47248802039874], [127.14340868709637, 37.47212139554155], [127.14341980255743, 37.47193252877805]], [[127.14341980255743, 37.47193252877805], [127.14313371714016, 37.471943633441796]], [[127.14313371714016, 37.471943633441796], [127.14205881328786, 37.47199916317059]], [[127.14205881328786, 37.47199916317059], [127.14206991834443, 37.472176920513164], [127.14212822280716, 37.47300738071328]]]}}, {"type": "Feature", "properties": {"단지명": "위례심포니아아파트"}, "geometry": {"type": "MultiLineString", "coordinates": [[[127.14438066744034, 37.47752911861635], [127.14437511546494, 37.477420797758285]], [[127.14437511546494, 37.477420797758285], [127.14410291767553, 37.477431902671526]], [[127.14410291767553, 37.477431902671526], [127.14409736412314, 37.47737913092007], [127.14407515338274, 37.47704583587965], [127.14406404998361, 37.47680975197606], [127.14405849706192, 37.47673476058192], [127.14403628095985, 37.47659033250393], [127.14403350509032, 37.47653200589183], [127.14399462289057, 37.47642090697734], [127.14397240465966, 37.476351470193336], [127.14387797368943, 37.47617926625984], [127.14374743591581, 37.47597095475592], [127.14363633971506, 37.47580152797725], [127.14356690457971, 37.47569598342248], [127.14345858661365, 37.47550155959584], [127.14343636759419, 37.47545989736515]], [[127.14343636759419, 37.47545989736515], [127.14342248075631, 37.47543212256138], [127.14335859854276, 37.475401569400866]], [[127.14335859854276, 37.475401569400866], [127.14329749361795, 37.475379348656446], [127.14293085989075, 37.47539322932286], [127.14246423509704, 37.475412663097295], [127.14236146658399, 37.4754154386998]], [[127.14236146658399, 37.4754154386998], [127.14235313913241, 37.4752349039527]], [[127.14235313913241, 37.4752349039527], [127.14228372725186, 37.47431001007308], [127.14220040378034, 37.47422946236597]], [[127.14220040378034, 37.47422946236597], [127.1421282222554, 37.47302682290069], [127.14212822280716, 37.47300738071328]]]}}, {"type": "Feature", "properties": {"단지명": "성남위례LH36단지아파트"}, "geometry": {"type": "MultiLineString", "coordinates": [[[127.13521775345957, 37.47253231128718], [127.1354788355531, 37.47271840550034], [127.13580936814937, 37.472468440476796], [127.13606767776093, 37.47247677749832], [127.13628709760617, 37.472640651318095], [127.1364065286701, 37.472729532041555], [127.1365009624796, 37.47280174758244]], [[127.1365009624796, 37.47280174758244], [127.13636208274991, 37.472923953114325]], [[127.13636208274991, 37.472923953114325], [127.136642606653, 37.473140599686886], [127.13685647641219, 37.47312949372028]], [[127.13685647641219, 37.47312949372028], [127.1368509238835, 37.473040615049314], [127.1368703721554, 37.47284341607067], [127.13685371646045, 37.47251012112948], [127.13680929528424, 37.47183242122504], [127.13677041300396, 37.47172409976581], [127.1367482033611, 37.47135192034918]], [[127.1367482033611, 37.47135192034918], [127.13724538061773, 37.47134359694392]], [[127.13724538061773, 37.47134359694392], [127.13727315642186, 37.4713241552571], [127.13730926527457, 37.4712880489884], [127.13768145381617, 37.471282500785904], [127.1377842233538, 37.47124361826333], [127.13859526167397, 37.47121030341744], [127.13881190895917, 37.471199197501015], [127.13891467731486, 37.471201976808736], [127.13903411121612, 37.4711908691401], [127.13913132467891, 37.47118809343701], [127.140358992104, 37.471143676280526]], [[127.140358992104, 37.471143676280526], [127.1404117640594, 37.471179784151346]], [[127.1404117640594, 37.471179784151346], [127.1404450936532, 37.471204781850304], [127.14051173242837, 37.471974138183434], [127.14052839687058, 37.47199913558197], [127.14053117289836, 37.47205190728363]], [[127.14053117289836, 37.47205190728363], [127.14082003599798, 37.472035247758704]], [[127.14082003599798, 37.472035247758704], [127.14205881328786, 37.47199916317059]], [[127.14205881328786, 37.47199916317059], [127.14206991834443, 37.472176920513164], [127.14212822280716, 37.47300738071328]]]}}, {"type": "Feature", "properties": {"단지명": "힐스테이트송파위례아파트"}, "geometry": {"type": "MultiLineString", "coordinates": [[[127.14241137799544, 37.47837620698368], [127.14230305380153, 37.47840120212851], [127.14194197520519, 37.47841230543952]], [[127.14194197520519, 37.47841230543952], [127.14192808726362, 37.478423415010425]], [[127.14192808726362, 37.478423415010425], [127.14189754307992, 37.47812067182914]], [[127.14189754307992, 37.47812067182914], [127.1418808783227, 37.47810678425204], [127.14183643902268, 37.47806789907624], [127.14180590295935, 37.47747907799611], [127.14179479411982, 37.47743463851056], [127.14179201746181, 37.47740408645186], [127.14177258487649, 37.47704857181925], [127.14175592398227, 37.476898588930986], [127.14173092854136, 37.476818042275724], [127.14168926928922, 37.476690278579376], [127.14164483132924, 37.47660417666291], [127.14163372193778, 37.47657917936463], [127.14156984161642, 37.476481967276285], [127.14152262581582, 37.47640697513106], [127.14138931083201, 37.476187553756226], [127.14125599537506, 37.47598479711336], [127.14120322507569, 37.47589036268063], [127.14114212267356, 37.475779263365666], [127.1411004631846, 37.47565983203521], [127.14106158153616, 37.47552929093348]], [[127.14106158153616, 37.47552929093348], [127.14110880088428, 37.47547929758871], [127.14111991145823, 37.475462633057], [127.14142821707593, 37.475451528793876], [127.14214204185288, 37.4754237671098]], [[127.14214204185288, 37.4754237671098], [127.14212815927192, 37.47524600971791]], [[127.14212815927192, 37.47524600971791], [127.14209485561356, 37.47430722921266], [127.14220040378034, 37.47422946236597]], [[127.14220040378034, 37.47422946236597], [127.1421282222554, 37.47302682290069], [127.14212822280716, 37.47300738071328]]]}}, {"type": "Feature", "properties": {"단지명": "송파더센트레아파트"}, "geometry": {"type": "MultiLineString", "coordinates": [[[127.14146701846843, 37.47840951942082], [127.14149757077298, 37.47842618470362]], [[127.14149757077298, 37.47842618470362], [127.14192808726362, 37.478423415010425]], [[127.14192808726362, 37.478423415010425], [127.14189754307992, 37.47812067182914]], [[127.14189754307992, 37.47812067182914], [127.1418808783227, 37.47810678425204], [127.14183643902268, 37.47806789907624], [127.14180590295935, 37.47747907799611], [127.14179479411982, 37.47743463851056], [127.14179201746181, 37.47740408645186], [127.14177258487649, 37.47704857181925], [127.14175592398227, 37.476898588930986], [127.14173092854136, 37.476818042275724], [127.14168926928922, 37.476690278579376], [127.14164483132924, 37.47660417666291], [127.14163372193778, 37.47657917936463], [127.14156984161642, 37.476481967276285], [127.14152262581582, 37.47640697513106], [127.14138931083201, 37.476187553756226], [127.14125599537506, 37.47598479711336], [127.14120322507569, 37.47589036268063], [127.14114212267356, 37.475779263365666], [127.1411004631846, 37.47565983203521], [127.14106158153616, 37.47552929093348]], [[127.14106158153616, 37.47552929093348], [127.14110880088428, 37.47547929758871], [127.14111991145823, 37.475462633057], [127.14142821707593, 37.475451528793876], [127.14214204185288, 37.4754237671098]], [[127.14214204185288, 37.4754237671098], [127.14212815927192, 37.47524600971791]], [[127.14212815927192, 37.47524600971791], [127.14209485561356, 37.47430722921266], [127.14220040378034, 37.47422946236597]], [[127.14220040378034, 37.47422946236597], [127.1421282222554, 37.47302682290069], [127.14212822280716, 37.47300738071328]]]}}, {"type": "Feature", "properties": {"단지명": "위례2차아이파크아파트"}, "geometry": {"type": "MultiLineString", "coordinates": [[[127.14311409298487, 37.47833733527948], [127.14310020535868, 37.478337335029074]], [[127.14310020535868, 37.478337335029074], [127.14308910188088, 37.47810402858132]], [[127.14308910188088, 37.47810402858132], [127.14406401434464, 37.47806516178547], [127.1440973455149, 37.478034610377854]], [[127.1440973455149, 37.478034610377854], [127.14413345436809, 37.47799850410966], [127.14411679828429, 37.477679096446316], [127.14410291767553, 37.477431902671526], [127.14409736412314, 37.47737913092007], [127.14407515338274, 37.47704583587965], [127.14406404998361, 37.47680975197606], [127.14405849706192, 37.47673476058192], [127.14403628095985, 37.47659033250393], [127.14403350509032, 37.47653200589183], [127.14399462289057, 37.47642090697734], [127.14397240465966, 37.476351470193336], [127.14387797368943, 37.47617926625984], [127.14374743591581, 37.47597095475592], [127.14363633971506, 37.47580152797725], [127.14356690457971, 37.47569598342248], [127.14345858661365, 37.47550155959584], [127.14343636759419, 37.47545989736515]], [[127.14343636759419, 37.47545989736515], [127.14342248075631, 37.47543212256138], [127.14335859854276, 37.475401569400866]], [[127.14335859854276, 37.475401569400866], [127.14329749361795, 37.475379348656446], [127.14293085989075, 37.47539322932286], [127.14246423509704, 37.475412663097295], [127.14236146658399, 37.4754154386998]], [[127.14236146658399, 37.4754154386998], [127.14235313913241, 37.4752349039527]], [[127.14235313913241, 37.4752349039527], [127.14228372725186, 37.47431001007308], [127.14220040378034, 37.47422946236597]], [[127.14220040378034, 37.47422946236597], [127.1421282222554, 37.47302682290069], [127.14212822280716, 37.47300738071328]]]}}, {"type": "Feature", "properties": {"단지명": "위례래미안이편한세상아파트"}, "geometry": {"type": "MultiLineString", "coordinates": [[[127.14554470657461, 37.468507964628905], [127.14546415968145, 37.468460746435504], [127.14544193963687, 37.46845519112417], [127.14541416406882, 37.46846630044489]], [[127.14541416406882, 37.46846630044489], [127.14548359975743, 37.468552402813096], [127.14555581305011, 37.46863572777601], [127.1462196184179, 37.46945231162133]], [[127.1462196184179, 37.46945231162133], [127.1462501700136, 37.46949397400263], [127.14632793756836, 37.46960507361931], [127.14647791951901, 37.46976061382383], [127.1466806696414, 37.4700855797569]], [[127.1466806696414, 37.4700855797569], [127.14621126392879, 37.47022444406157]], [[127.14621126392879, 37.47022444406157], [127.14617515412958, 37.47029387979454], [127.14577240847203, 37.47045218748866], [127.14562242076735, 37.47049940152556], [127.14528078200607, 37.47061049358036], [127.14496969688996, 37.470691034177115], [127.14484748506871, 37.470716029071966], [127.1446197274449, 37.47073546715323], [127.1443808597989, 37.470752127578876], [127.14418087790081, 37.47075490142882], [127.14397256319047, 37.470766007494646], [127.14305597882793, 37.47080209789002], [127.14298654061749, 37.47080487409356]], [[127.14298654061749, 37.47080487409356], [127.14299486657254, 37.47103818049349]], [[127.14299486657254, 37.47103818049349], [127.14213383287381, 37.47106871698013], [127.14199773397831, 37.47107426943737]], [[127.14199773397831, 37.47107426943737], [127.14201716830063, 37.47136868005512], [127.14205881328786, 37.47199916317059], [127.14206991834443, 37.472176920513164], [127.14212822280716, 37.47300738071328]]]}}, {"type": "Feature", "properties": {"단지명": "위례역푸르지오5단지아파트"}, "geometry": {"type": "MultiLineString", "coordinates": [[[127.14146733737576, 37.467171935095], [127.14119791726654, 37.467177485149456], [127.14099238031744, 37.46718025890007], [127.14053408825336, 37.467194137916415]], [[127.14053408825336, 37.467194137916415], [127.14055352541456, 37.46738856014238], [127.1406173780796, 37.46846065906366], [127.14062015379245, 37.468524540587005], [127.14062570647894, 37.46860786434793]], [[127.14062570647894, 37.46860786434793], [127.14069511104026, 37.46979106158188], [127.14069788722583, 37.46983827837298]], [[127.14069788722583, 37.46983827837298], [127.14070621783145, 37.46990771490706], [127.14071732178556, 37.47012435662497], [127.1407589651199, 37.470813166303486]], [[127.1407589651199, 37.470813166303486], [127.14085339877208, 37.47089093675563]], [[127.14085339877208, 37.47089093675563], [127.14086450154366, 37.47114924030354]], [[127.14086450154366, 37.47114924030354], [127.14123113527212, 37.471135359635845], [127.14136167982635, 37.47110480998023], [127.14186441260807, 37.47107982194469], [127.14199773397831, 37.47107426943737]], [[127.14199773397831, 37.47107426943737], [127.14201716830063, 37.47136868005512], [127.14205881328786, 37.47199916317059], [127.14206991834443, 37.472176920513164], [127.14212822280716, 37.47300738071328]]]}}, {"type": "Feature", "properties": {"단지명": "위례역푸르지오6단지아파트"}, "geometry": {"type": "MultiLineString", "coordinates": [[[127.14206728740562, 37.4670108534979], [127.14205339977924, 37.467010853247565], [127.14174231931229, 37.466927523979194]], [[127.14174231931229, 37.466927523979194], [127.1417506451902, 37.467163607835566]], [[127.1417506451902, 37.467163607835566], [127.14162287886995, 37.467169160443284], [127.14119791726654, 37.467177485149456], [127.14099238031744, 37.46718025890007], [127.14053408825336, 37.467194137916415]], [[127.14053408825336, 37.467194137916415], [127.14055352541456, 37.46738856014238], [127.1406173780796, 37.46846065906366], [127.14062015379245, 37.468524540587005], [127.14062570647894, 37.46860786434793]], [[127.14062570647894, 37.46860786434793], [127.14069511104026, 37.46979106158188], [127.14069788722583, 37.46983827837298]], [[127.14069788722583, 37.46983827837298], [127.14070621783145, 37.46990771490706], [127.14071732178556, 37.47012435662497], [127.1407589651199, 37.470813166303486]], [[127.1407589651199, 37.470813166303486], [127.14085339877208, 37.47089093675563]], [[127.14085339877208, 37.47089093675563], [127.14086450154366, 37.47114924030354]], [[127.14086450154366, 37.47114924030354], [127.14123113527212, 37.471135359635845], [127.14136167982635, 37.47110480998023], [127.14186441260807, 37.47107982194469], [127.14199773397831, 37.47107426943737]], [[127.14199773397831, 37.47107426943737], [127.14201716830063, 37.47136868005512], [127.14205881328786, 37.47199916317059], [127.14206991834443, 37.472176920513164], [127.14212822280716, 37.47300738071328]]]}}, {"type": "Feature", "properties": {"단지명": "위례스타힐스아파트"}, "geometry": {"type": "MultiLineString", "coordinates": [[[127.14449449345949, 37.479378905917685], [127.1444889414844, 37.47927058505988], [127.1444528496638, 37.478706760977765], [127.14443341573977, 37.4783984630859], [127.14450285599985, 37.47832347304416]], [[127.14450285599985, 37.47832347304416], [127.14449453201895, 37.478020730263125]], [[127.14449453201895, 37.478020730263125], [127.1440973455149, 37.478034610377854]], [[127.1440973455149, 37.478034610377854], [127.14413345436809, 37.47799850410966], [127.14411679828429, 37.477679096446316], [127.14410291767553, 37.477431902671526], [127.14409736412314, 37.47737913092007], [127.14407515338274, 37.47704583587965], [127.14406404998361, 37.47680975197606], [127.14405849706192, 37.47673476058192], [127.14403628095985, 37.47659033250393], [127.14403350509032, 37.47653200589183], [127.14399462289057, 37.47642090697734], [127.14397240465966, 37.476351470193336], [127.14387797368943, 37.47617926625984], [127.14374743591581, 37.47597095475592], [127.14363633971506, 37.47580152797725], [127.14356690457971, 37.47569598342248], [127.14345858661365, 37.47550155959584], [127.14343636759419, 37.47545989736515]], [[127.14343636759419, 37.47545989736515], [127.14342248075631, 37.47543212256138], [127.14335859854276, 37.475401569400866]], [[127.14335859854276, 37.475401569400866], [127.14329749361795, 37.475379348656446], [127.14293085989075, 37.47539322932286], [127.14246423509704, 37.475412663097295], [127.14236146658399, 37.4754154386998]], [[127.14236146658399, 37.4754154386998], [127.14235313913241, 37.4752349039527]], [[127.14235313913241, 37.4752349039527], [127.14228372725186, 37.47431001007308], [127.14220040378034, 37.47422946236597]], [[127.14220040378034, 37.47422946236597], [127.1421282222554, 37.47302682290069], [127.14212822280716, 37.47300738071328]]]}}, {"type": "Feature", "properties": {"단지명": "힐스테이트위례아파트"}, "geometry": {"type": "MultiLineString", "coordinates": [[[127.14399490555209, 37.466460952081846], [127.1440421221422, 37.46650816967434]], [[127.1440421221422, 37.46650816967434], [127.1439782384303, 37.46653038816571], [127.14389213483136, 37.46654149643504], [127.14383102864473, 37.46656371497648]], [[127.14383102864473, 37.46656371497648], [127.14385047061246, 37.466588712425306], [127.14491700351634, 37.46788580331005], [127.14528362463685, 37.46831631550162], [127.14531695383677, 37.46835520047764]], [[127.14531695383677, 37.46835520047764], [127.14495031521953, 37.46854128337731]], [[127.14495031521953, 37.46854128337731], [127.14511696121897, 37.46873570825729], [127.14523916823262, 37.46888013813951], [127.14573910591471, 37.46947452260087], [127.14578909955677, 37.46953840497558]], [[127.14578909955677, 37.46953840497558], [127.14585298043104, 37.46961617487748], [127.14589186286844, 37.469718941426954], [127.14608072678347, 37.469993912912976], [127.14612516521721, 37.47006335009824], [127.14613905205532, 37.47009112490224], [127.14617238054561, 37.47015500697646], [127.14621126392879, 37.47022444406157]], [[127.14621126392879, 37.47022444406157], [127.14617515412958, 37.47029387979454], [127.14577240847203, 37.47045218748866], [127.14562242076735, 37.47049940152556], [127.14528078200607, 37.47061049358036], [127.14496969688996, 37.470691034177115], [127.14484748506871, 37.470716029071966], [127.1446197274449, 37.47073546715323], [127.1443808597989, 37.470752127578876], [127.14418087790081, 37.47075490142882], [127.14397256319047, 37.470766007494646], [127.14305597882793, 37.47080209789002], [127.14298654061749, 37.47080487409356]], [[127.14298654061749, 37.47080487409356], [127.14299486657254, 37.47103818049349]], [[127.14299486657254, 37.47103818049349], [127.14213383287381, 37.47106871698013], [127.14199773397831, 37.47107426943737]], [[127.14199773397831, 37.47107426943737], [127.14201716830063, 37.47136868005512], [127.14205881328786, 37.47199916317059], [127.14206991834443, 37.472176920513164], [127.14212822280716, 37.47300738071328]]]}}, {"type": "Feature", "properties": {"단지명": "위례송파푸르지오아파트"}, "geometry": {"type": "MultiLineString", "coordinates": [[[127.14166973444543, 37.479937123503234], [127.14166973444543, 37.479937123503234], [127.14166695818177, 37.47989268416806], [127.1416475285939, 37.47943162623447], [127.1416280946692, 37.4791233283433], [127.14161698772207, 37.47901222993011], [127.14160033013975, 37.478745593918696], [127.14155311402415, 37.47868171159494], [127.14155034272754, 37.47846229257431], [127.14149757077298, 37.47842618470362]], [[127.14149757077298, 37.47842618470362], [127.14192808726362, 37.478423415010425]], [[127.14192808726362, 37.478423415010425], [127.14189754307992, 37.47812067182914]], [[127.14189754307992, 37.47812067182914], [127.1418808783227, 37.47810678425204], [127.14183643902268, 37.47806789907624], [127.14180590295935, 37.47747907799611], [127.14179479411982, 37.47743463851056], [127.14179201746181, 37.47740408645186], [127.14177258487649, 37.47704857181925], [127.14175592398227, 37.476898588930986], [127.14173092854136, 37.476818042275724], [127.14168926928922, 37.476690278579376], [127.14164483132924, 37.47660417666291], [127.14163372193778, 37.47657917936463], [127.14156984161642, 37.476481967276285], [127.14152262581582, 37.47640697513106], [127.14138931083201, 37.476187553756226], [127.14125599537506, 37.47598479711336], [127.14120322507569, 37.47589036268063], [127.14114212267356, 37.475779263365666], [127.1411004631846, 37.47565983203521], [127.14106158153616, 37.47552929093348]], [[127.14106158153616, 37.47552929093348], [127.14110880088428, 37.47547929758871], [127.14111991145823, 37.475462633057], [127.14142821707593, 37.475451528793876], [127.14214204185288, 37.4754237671098]], [[127.14214204185288, 37.4754237671098], [127.14212815927192, 37.47524600971791]], [[127.14212815927192, 37.47524600971791], [127.14209485561356, 37.47430722921266], [127.14220040378034, 37.47422946236597]], [[127.14220040378034, 37.47422946236597], [127.1421282222554, 37.47302682290069], [127.14212822280716, 37.47300738071328]]]}}, {"type": "Feature", "properties": {"단지명": "위례호반써밋에비뉴아파트"}, "geometry": {"type": "MultiLineString", "coordinates": [[[127.15052746843077, 37.47268256988469], [127.15053024500983, 37.47271589939905], [127.15053579690634, 37.47282699771344]], [[127.15053579690634, 37.47282699771344], [127.1503080395975, 37.472835325972085]], [[127.1503080395975, 37.472835325972085], [127.15036078955285, 37.47364634388698], [127.15032468069927, 37.473682450155366]], [[127.15032468069927, 37.473682450155366], [127.15030801499567, 37.473701892042286], [127.15027468469245, 37.47370189144119]], [[127.15027468469245, 37.47370189144119], [127.14966640602792, 37.47372410011416]], [[127.14966640602792, 37.47372410011416], [127.14943309359005, 37.47373520572803]], [[127.14943309359005, 37.47373520572803], [127.14870260349882, 37.47376852201891], [127.1484637360106, 37.47377962753276], [127.14830263938754, 37.473785179538396], [127.14767769549347, 37.47381016536708], [127.14753604162617, 37.47381294026806], [127.14746660459842, 37.473774054641055], [127.14744438502706, 37.47375183459759]], [[127.14744438502706, 37.47375183459759], [127.14691110088616, 37.473726827883205]], [[127.14691110088616, 37.473726827883205], [127.14689165773628, 37.4737434922647], [127.14683332852313, 37.47378515304315], [127.14639725674165, 37.47379625500143], [127.14625560208609, 37.47382680445602], [127.14485572762078, 37.47388788323264], [127.14364194766442, 37.4739378555445]], [[127.14364194766442, 37.4739378555445], [127.14361972746238, 37.47393785514388], [127.14355584564281, 37.47389341470661]], [[127.14355584564281, 37.47389341470661], [127.14353084838848, 37.47387674952385], [127.14352251975428, 37.47373787660645], [127.14349198140232, 37.47322960172753], [127.14345866859897, 37.47261300603964], [127.14345033957036, 37.47248802039874], [127.14340868709637, 37.47212139554155], [127.14341980255743, 37.47193252877805]], [[127.14341980255743, 37.47193252877805], [127.14313371714016, 37.471943633441796]], [[127.14313371714016, 37.471943633441796], [127.14205881328786, 37.47199916317059]], [[127.14205881328786, 37.47199916317059], [127.14206991834443, 37.472176920513164], [127.14212822280716, 37.47300738071328]]]}}, {"type": "Feature", "properties": {"단지명": "위례롯데캐슬아파트"}, "geometry": {"type": "MultiLineString", "coordinates": [[[127.15061908820545, 37.47404074720541], [127.15061908852087, 37.474029637384], [127.15065241992806, 37.473990753610195], [127.15067464076107, 37.47396853436813]], [[127.15067464076107, 37.47396853436813], [127.15050243742748, 37.47385465559302], [127.15032468069927, 37.473682450155366]], [[127.15032468069927, 37.473682450155366], [127.15030801499567, 37.473701892042286], [127.15027468469245, 37.47370189144119]], [[127.15027468469245, 37.47370189144119], [127.14966640602792, 37.47372410011416]], [[127.14966640602792, 37.47372410011416], [127.14943309359005, 37.47373520572803]], [[127.14943309359005, 37.47373520572803], [127.14870260349882, 37.47376852201891], [127.1484637360106, 37.47377962753276], [127.14830263938754, 37.473785179538396], [127.14767769549347, 37.47381016536708], [127.14753604162617, 37.47381294026806], [127.14746660459842, 37.473774054641055], [127.14744438502706, 37.47375183459759]], [[127.14744438502706, 37.47375183459759], [127.14691110088616, 37.473726827883205]], [[127.14691110088616, 37.473726827883205], [127.14689165773628, 37.4737434922647], [127.14683332852313, 37.47378515304315], [127.14639725674165, 37.47379625500143], [127.14625560208609, 37.47382680445602], [127.14485572762078, 37.47388788323264], [127.14364194766442, 37.4739378555445]], [[127.14364194766442, 37.4739378555445], [127.14361972746238, 37.47393785514388], [127.14355584564281, 37.47389341470661]], [[127.14355584564281, 37.47389341470661], [127.14353084838848, 37.47387674952385], [127.14352251975428, 37.47373787660645], [127.14349198140232, 37.47322960172753], [127.14345866859897, 37.47261300603964], [127.14345033957036, 37.47248802039874], [127.14340868709637, 37.47212139554155], [127.14341980255743, 37.47193252877805]], [[127.14341980255743, 37.47193252877805], [127.14313371714016, 37.471943633441796]], [[127.14313371714016, 37.471943633441796], [127.14205881328786, 37.47199916317059]], [[127.14205881328786, 37.47199916317059], [127.14206991834443, 37.472176920513164], [127.14212822280716, 37.47300738071328]]]}}, {"type": "Feature", "properties": {"단지명": "위례센트럴푸르지오아파트"}, "geometry": {"type": "MultiLineString", "coordinates": [[[127.15112188170596, 37.471877118550445], [127.15047749489582, 37.471910436393806]], [[127.15047749489582, 37.471910436393806], [127.15025251511202, 37.471918764702636]], [[127.15025251511202, 37.471918764702636], [127.1501997675986, 37.47102164566973], [127.15018033249052, 37.47075500960436], [127.1501581234837, 37.470360610542095], [127.15011646304855, 37.47027450867449], [127.15010813709519, 37.470041202273606]], [[127.15010813709519, 37.470041202273606], [127.15006092011149, 37.470007871957755], [127.15001648057421, 37.46997731914735]], [[127.15001648057421, 37.46997731914735], [127.14828052546157, 37.47004116931783], [127.14792500151663, 37.470066160005544], [127.14744726409474, 37.470174472150624], [127.1472861653427, 37.4702550154514], [127.14693341640084, 37.47036888476095], [127.14689452907628, 37.470438320443826]], [[127.14689452907628, 37.470438320443826], [127.14639179274513, 37.47058829396878]], [[127.14639179274513, 37.47058829396878], [127.14626402776504, 37.47054662983475], [127.14566407686738, 37.4707382634375], [127.14551686676684, 37.47078270006909], [127.14531688297679, 37.47085213284742], [127.14528910756643, 37.470857687257364], [127.14507245909778, 37.470910455003114], [127.1448585887062, 37.47094378061148], [127.14462249834901, 37.4709687734532], [127.14439751848705, 37.470979879218476], [127.14417253862513, 37.47099098498379], [127.14398088914527, 37.47099931389469], [127.14393922618746, 37.47100209059893], [127.14381423676225, 37.471029862899115], [127.14343649285321, 37.471046520821176], [127.14340871704881, 37.47106596250792]], [[127.14340871704881, 37.47106596250792], [127.14336705338162, 37.471093736310344], [127.14341424947749, 37.47186309229413], [127.14341980255743, 37.47193252877805]], [[127.14341980255743, 37.47193252877805], [127.14313371714016, 37.471943633441796]], [[127.14313371714016, 37.471943633441796], [127.14205881328786, 37.47199916317059]], [[127.14205881328786, 37.47199916317059], [127.14206991834443, 37.472176920513164], [127.14212822280716, 37.47300738071328]]]}}, {"type": "Feature", "properties": {"단지명": "위례더힐55아파트"}, "geometry": {"type": "MultiLineString", "coordinates": [[[127.1503581247772, 37.46967458267312], [127.15039145444987, 37.46969680291709]], [[127.15039145444987, 37.46969680291709], [127.15026646202794, 37.469830118520775], [127.15006092011149, 37.470007871957755]], [[127.15006092011149, 37.470007871957755], [127.15001648057421, 37.46997731914735]], [[127.15001648057421, 37.46997731914735], [127.14828052546157, 37.47004116931783], [127.14792500151663, 37.470066160005544], [127.14744726409474, 37.470174472150624], [127.1472861653427, 37.4702550154514], [127.14693341640084, 37.47036888476095], [127.14689452907628, 37.470438320443826]], [[127.14689452907628, 37.470438320443826], [127.14639179274513, 37.47058829396878]], [[127.14639179274513, 37.47058829396878], [127.14626402776504, 37.47054662983475], [127.14566407686738, 37.4707382634375], [127.14551686676684, 37.47078270006909], [127.14531688297679, 37.47085213284742], [127.14528910756643, 37.470857687257364], [127.14507245909778, 37.470910455003114], [127.1448585887062, 37.47094378061148], [127.14462249834901, 37.4709687734532], [127.14439751848705, 37.470979879218476], [127.14417253862513, 37.47099098498379], [127.14398088914527, 37.47099931389469], [127.14393922618746, 37.47100209059893], [127.14381423676225, 37.471029862899115], [127.14343649285321, 37.471046520821176], [127.14340871704881, 37.47106596250792]], [[127.14340871704881, 37.47106596250792], [127.14336705338162, 37.471093736310344], [127.14341424947749, 37.47186309229413], [127.14341980255743, 37.47193252877805]], [[127.14341980255743, 37.47193252877805], [127.14313371714016, 37.471943633441796]], [[127.14313371714016, 37.471943633441796], [127.14205881328786, 37.47199916317059]], [[127.14205881328786, 37.47199916317059], [127.14206991834443, 37.472176920513164], [127.14212822280716, 37.47300738071328]]]}}, {"type": "Feature", "properties": {"단지명": "e편한세상테라스위례아파트"}, "geometry": {"type": "MultiLineString", "coordinates": [[[127.15054429528195, 37.46698600922889], [127.15090813864002, 37.46742485373948]], [[127.15090813864002, 37.46742485373948], [127.15095535452035, 37.467497068430696]], [[127.15095535452035, 37.467497068430696], [127.15089147088685, 37.46751650946636], [127.15070259711749, 37.467588719900306], [127.15043317393234, 37.46770259071242], [127.1503637350118, 37.467730364014045], [127.14994987885638, 37.46790255878463]], [[127.14994987885638, 37.46790255878463], [127.14969989771788, 37.46803864959035]], [[127.14969989771788, 37.46803864959035], [127.149791552505, 37.46816363673484], [127.14986098787807, 37.46826084892495], [127.14996652784775, 37.46847193743636], [127.14998319205348, 37.46850526720132], [127.15002485099113, 37.46864414072112], [127.15005262293298, 37.4687607943475], [127.15006095204015, 37.46888300253402], [127.15006095164598, 37.46889688981087], [127.15007483533068, 37.46903576282975], [127.15007761009674, 37.469132973817736]], [[127.15007761009674, 37.469132973817736], [127.15011092557896, 37.46965513602785]], [[127.15011092557896, 37.46965513602785], [127.15007203920011, 37.469691242246405], [127.15001926495837, 37.46973568058063]], [[127.15001926495837, 37.46973568058063], [127.15001648057421, 37.46997731914735]], [[127.15001648057421, 37.46997731914735], [127.14828052546157, 37.47004116931783], [127.14792500151663, 37.470066160005544], [127.14744726409474, 37.470174472150624], [127.1472861653427, 37.4702550154514], [127.14693341640084, 37.47036888476095], [127.14689452907628, 37.470438320443826]], [[127.14689452907628, 37.470438320443826], [127.14639179274513, 37.47058829396878]], [[127.14639179274513, 37.47058829396878], [127.14626402776504, 37.47054662983475], [127.14566407686738, 37.4707382634375], [127.14551686676684, 37.47078270006909], [127.14531688297679, 37.47085213284742], [127.14528910756643, 37.470857687257364], [127.14507245909778, 37.470910455003114], [127.1448585887062, 37.47094378061148], [127.14462249834901, 37.4709687734532], [127.14439751848705, 37.470979879218476], [127.14417253862513, 37.47099098498379], [127.14398088914527, 37.47099931389469], [127.14393922618746, 37.47100209059893], [127.14381423676225, 37.471029862899115], [127.14343649285321, 37.471046520821176], [127.14340871704881, 37.47106596250792]], [[127.14340871704881, 37.47106596250792], [127.14336705338162, 37.471093736310344], [127.14341424947749, 37.47186309229413], [127.14341980255743, 37.47193252877805]], [[127.14341980255743, 37.47193252877805], [127.14313371714016, 37.471943633441796]], [[127.14313371714016, 37.471943633441796], [127.14205881328786, 37.47199916317059]], [[127.14205881328786, 37.47199916317059], [127.14206991834443, 37.472176920513164], [127.14212822280716, 37.47300738071328]]]}}, {"type": "Feature", "properties": {"단지명": "위례포레샤인13단지아파트"}, "geometry": {"type": "MultiLineString", "coordinates": [[[127.13871438807462, 37.482034048981554], [127.13874216285375, 37.482050714214154], [127.13879215460184, 37.48218125551496], [127.13876715561331, 37.482225694349175], [127.13861994512088, 37.48228401825658]], [[127.13861994512088, 37.48228401825658], [127.13869493104772, 37.48253954549677], [127.13873659384714, 37.48254232370323], [127.13903656783232, 37.48249788982663]], [[127.13903656783232, 37.48249788982663], [127.13910877741651, 37.482711755187175], [127.1391254409908, 37.48276730459374], [127.13914210472278, 37.48281729908969]], [[127.13914210472278, 37.48281729908969], [127.13977260610152, 37.48270621224526], [127.13979204972429, 37.48267288313214]], [[127.13979204972429, 37.48267288313214], [127.13980316077141, 37.482639553868786], [127.13960597051643, 37.482145163268555], [127.13941988925788, 37.481689657242754]], [[127.13941988925788, 37.481689657242754], [127.13935323464497, 37.481478569437364], [127.13923936226088, 37.48126192587002], [127.13908105049804, 37.48100917458239], [127.13897828490315, 37.48090918433837], [127.13870887623085, 37.48051200337146], [127.13865055253737, 37.48035924227768], [127.13855612070054, 37.48021759035418]], [[127.13855612070054, 37.48021759035418], [127.13893109102113, 37.480062059616536]], [[127.13893109102113, 37.480062059616536], [127.13875333744821, 37.47977875596965], [127.1386700165005, 37.47960932969317], [127.13855336556533, 37.47942879299454], [127.13843671439358, 37.47925658866183], [127.13821452207188, 37.478914957651995], [127.13813119994133, 37.47878719320521], [127.13801732637332, 37.47861221146721]], [[127.13801732637332, 37.47861221146721], [127.13803399223418, 37.47858721466975]], [[127.13803399223418, 37.47858721466975], [127.13808398918613, 37.47853444391995], [127.13825897351215, 37.47852611470845], [127.1395060836815, 37.47847892045046], [127.13964773754722, 37.47847614554891], [127.13979772414635, 37.478467815886944]], [[127.13979772414635, 37.478467815886944], [127.14072819588834, 37.47844005810891], [127.14145590852516, 37.47840396430986], [127.14149757077298, 37.47842618470362]], [[127.14149757077298, 37.47842618470362], [127.14192808726362, 37.478423415010425]], [[127.14192808726362, 37.478423415010425], [127.14189754307992, 37.47812067182914]], [[127.14189754307992, 37.47812067182914], [127.1418808783227, 37.47810678425204], [127.14183643902268, 37.47806789907624], [127.14180590295935, 37.47747907799611], [127.14179479411982, 37.47743463851056], [127.14179201746181, 37.47740408645186], [127.14177258487649, 37.47704857181925], [127.14175592398227, 37.476898588930986], [127.14173092854136, 37.476818042275724], [127.14168926928922, 37.476690278579376], [127.14164483132924, 37.47660417666291], [127.14163372193778, 37.47657917936463], [127.14156984161642, 37.476481967276285], [127.14152262581582, 37.47640697513106], [127.14138931083201, 37.476187553756226], [127.14125599537506, 37.47598479711336], [127.14120322507569, 37.47589036268063], [127.14114212267356, 37.475779263365666], [127.1411004631846, 37.47565983203521], [127.14106158153616, 37.47552929093348]], [[127.14106158153616, 37.47552929093348], [127.14110880088428, 37.47547929758871], [127.14111991145823, 37.475462633057], [127.14142821707593, 37.475451528793876], [127.14214204185288, 37.4754237671098]], [[127.14214204185288, 37.4754237671098], [127.14212815927192, 37.47524600971791]], [[127.14212815927192, 37.47524600971791], [127.14209485561356, 37.47430722921266], [127.14220040378034, 37.47422946236597]], [[127.14220040378034, 37.47422946236597], [127.1421282222554, 37.47302682290069], [127.14212822280716, 37.47300738071328]]]}}, {"type": "Feature", "properties": {"단지명": "위례지웰푸르지오 키즈스테이션"}, "geometry": {"type": "MultiLineString", "coordinates": [[[127.14792468973211, 37.481048218427574], [127.14791914036056, 37.48084824154422]], [[127.14791914036056, 37.48084824154422], [127.14786359088112, 37.48081213362315]], [[127.14786359088112, 37.48081213362315], [127.1474330744689, 37.48081212585863]], [[127.1474330744689, 37.48081212585863], [127.14743029867884, 37.480751021791455], [127.14741641838765, 37.480492718196004], [127.14736365100785, 37.4802955179163], [127.1473414419264, 37.47990389631484], [127.14736366780681, 37.47970391993215], [127.14734423498842, 37.479356737665704], [127.14733312717456, 37.479276191260844], [127.14733035083229, 37.47923452938084], [127.14729703504037, 37.47872347699932], [127.14725815284145, 37.478612378084875], [127.1472442696315, 37.47845684033594], [127.14723594178744, 37.478290192865835], [127.14723594257606, 37.47826241831252]], [[127.14723594257606, 37.47826241831252], [127.14721094540086, 37.4782429756744], [127.1471248438531, 37.47818187010433], [127.1466776618151, 37.47819852677197], [127.14608604830674, 37.47822073574587], [127.14602494267248, 37.47822351209928], [127.14589439882822, 37.47822906465584], [127.14572774715577, 37.478234616561295], [127.14498336952285, 37.47826515514691], [127.14484449231442, 37.4782984821066], [127.14452229899196, 37.47831236357344], [127.14450285599985, 37.47832347304416]], [[127.14450285599985, 37.47832347304416], [127.14449453201895, 37.478020730263125]], [[127.14449453201895, 37.478020730263125], [127.1440973455149, 37.478034610377854]], [[127.1440973455149, 37.478034610377854], [127.14413345436809, 37.47799850410966], [127.14411679828429, 37.477679096446316], [127.14410291767553, 37.477431902671526], [127.14409736412314, 37.47737913092007], [127.14407515338274, 37.47704583587965], [127.14406404998361, 37.47680975197606], [127.14405849706192, 37.47673476058192], [127.14403628095985, 37.47659033250393], [127.14403350509032, 37.47653200589183], [127.14399462289057, 37.47642090697734], [127.14397240465966, 37.476351470193336], [127.14387797368943, 37.47617926625984], [127.14374743591581, 37.47597095475592], [127.14363633971506, 37.47580152797725], [127.14356690457971, 37.47569598342248], [127.14345858661365, 37.47550155959584], [127.14343636759419, 37.47545989736515]], [[127.14343636759419, 37.47545989736515], [127.14342248075631, 37.47543212256138], [127.14335859854276, 37.475401569400866]], [[127.14335859854276, 37.475401569400866], [127.14329749361795, 37.475379348656446], [127.14293085989075, 37.47539322932286], [127.14246423509704, 37.475412663097295], [127.14236146658399, 37.4754154386998]], [[127.14236146658399, 37.4754154386998], [127.14235313913241, 37.4752349039527]], [[127.14235313913241, 37.4752349039527], [127.14228372725186, 37.47431001007308], [127.14220040378034, 37.47422946236597]], [[127.14220040378034, 37.47422946236597], [127.1421282222554, 37.47302682290069], [127.14212822280716, 37.47300738071328]]]}}, {"type": "Feature", "properties": {"단지명": "송파레이크파크호반써밋2차아파트"}, "geometry": {"type": "MultiLineString", "coordinates": [[[127.14129468629501, 37.48283400263357], [127.14138078870944, 37.4828645561945], [127.14140023075512, 37.48288677618754]], [[127.14140023075512, 37.48288677618754], [127.14143356137322, 37.4828756669673], [127.14164465581362, 37.48278679220376], [127.1416196591118, 37.482750684834016], [127.14163354886712, 37.48267569379111]], [[127.14163354886712, 37.48267569379111], [127.1417613128193, 37.482753464843555]], [[127.1417613128193, 37.482753464843555], [127.14178631701283, 37.482525713959014], [127.14189742369966, 37.48232573918006], [127.14193631260144, 37.482200754392274], [127.14190576447662, 37.48203688397804], [127.14189465563744, 37.48199244449273], [127.14186411350566, 37.48161748747474]], [[127.14186411350566, 37.48161748747474], [127.14213631129334, 37.48160638256157]], [[127.14213631129334, 37.48160638256157], [127.14212242973917, 37.48139251825205]], [[127.14212242973917, 37.48139251825205], [127.142089100225, 37.48136474309793], [127.14204188347895, 37.48132308041683], [127.14200856705463, 37.48083424768048], [127.14200301366009, 37.48077592101868], [127.14200023763307, 37.4807231493176], [127.14198635678825, 37.48048428790999], [127.14197802626272, 37.4804120739215], [127.1419752499991, 37.48036763458635], [127.14194748783602, 37.47990657650274], [127.14192249964967, 37.479570503958364], [127.14190306974633, 37.47912055584581], [127.14189196295692, 37.479003902521974], [127.14189474182254, 37.47895668583157], [127.1418864159487, 37.47872060197889], [127.14185309250533, 37.47847896276478], [127.14192808726362, 37.478423415010425]], [[127.14192808726362, 37.478423415010425], [127.14189754307992, 37.47812067182914]], [[127.14189754307992, 37.47812067182914], [127.1418808783227, 37.47810678425204], [127.14183643902268, 37.47806789907624], [127.14180590295935, 37.47747907799611], [127.14179479411982, 37.47743463851056], [127.14179201746181, 37.47740408645186], [127.14177258487649, 37.47704857181925], [127.14175592398227, 37.476898588930986], [127.14173092854136, 37.476818042275724], [127.14168926928922, 37.476690278579376], [127.14164483132924, 37.47660417666291], [127.14163372193778, 37.47657917936463], [127.14156984161642, 37.476481967276285], [127.14152262581582, 37.47640697513106], [127.14138931083201, 37.476187553756226], [127.14125599537506, 37.47598479711336], [127.14120322507569, 37.47589036268063], [127.14114212267356, 37.475779263365666], [127.1411004631846, 37.47565983203521], [127.14106158153616, 37.47552929093348]], [[127.14106158153616, 37.47552929093348], [127.14110880088428, 37.47547929758871], [127.14111991145823, 37.475462633057], [127.14142821707593, 37.475451528793876], [127.14214204185288, 37.4754237671098]], [[127.14214204185288, 37.4754237671098], [127.14212815927192, 37.47524600971791]], [[127.14212815927192, 37.47524600971791], [127.14209485561356, 37.47430722921266], [127.14220040378034, 37.47422946236597]], [[127.14220040378034, 37.47422946236597], [127.1421282222554, 37.47302682290069], [127.14212822280716, 37.47300738071328]]]}}, {"type": "Feature", "properties": {"단지명": "위례그린파크푸르지오아파트"}, "geometry": {"type": "MultiLineString", "coordinates": [[[127.15404928191118, 37.47580171576666], [127.15391040178294, 37.47593780857361], [127.15388818110755, 37.47595447290489], [127.1535854245435, 37.47617666387157], [127.15231329683446, 37.47692099895787], [127.15209109118541, 37.47704875789566], [127.15180777895539, 37.47721262265068], [127.15158835098953, 37.47733482672787], [127.15117449475714, 37.47750979894965], [127.15082730110291, 37.47761533599034], [127.14985516253137, 37.477781965776984], [127.14899690281159, 37.477937487796666], [127.148735814807, 37.477959702730594]], [[127.148735814807, 37.477959702730594], [127.14831918420545, 37.47802357668942], [127.1481858617316, 37.478068013570336], [127.14781367161314, 37.478129110875415]], [[127.14781367161314, 37.478129110875415], [127.14775256455927, 37.47818188142472]], [[127.14775256455927, 37.47818188142472], [127.14772202211243, 37.47781803422516]], [[127.14772202211243, 37.47781803422516], [127.14718595847748, 37.47786246384314]], [[127.14718595847748, 37.47786246384314], [127.14711096356085, 37.47792356650804]], [[127.14711096356085, 37.47792356650804], [127.1467804378197, 37.47793189291346], [127.14673044189209, 37.47794855674385]], [[127.14673044189209, 37.47794855674385], [127.14668044596448, 37.47796522057425], [127.14603328187215, 37.4779902060018], [127.14588051790476, 37.47799298070235]], [[127.14588051790476, 37.47799298070235], [127.14570553357767, 37.4780013099129], [127.14453341658385, 37.47804850551759], [127.14449453201895, 37.478020730263125], [127.14444176022208, 37.477979067481606], [127.14443343285046, 37.477795755279615], [127.14438899544285, 37.47769021117576], [127.14437511546494, 37.477420797758285]], [[127.14437511546494, 37.477420797758285], [127.14410291767553, 37.477431902671526]], [[127.14410291767553, 37.477431902671526], [127.14409736412314, 37.47737913092007], [127.14407515338274, 37.47704583587965], [127.14406404998361, 37.47680975197606], [127.14405849706192, 37.47673476058192], [127.14403628095985, 37.47659033250393], [127.14403350509032, 37.47653200589183], [127.14399462289057, 37.47642090697734], [127.14397240465966, 37.476351470193336], [127.14387797368943, 37.47617926625984], [127.14374743591581, 37.47597095475592], [127.14363633971506, 37.47580152797725], [127.14356690457971, 37.47569598342248], [127.14345858661365, 37.47550155959584], [127.14343636759419, 37.47545989736515]], [[127.14343636759419, 37.47545989736515], [127.14342248075631, 37.47543212256138], [127.14335859854276, 37.475401569400866]], [[127.14335859854276, 37.475401569400866], [127.14329749361795, 37.475379348656446], [127.14293085989075, 37.47539322932286], [127.14246423509704, 37.475412663097295], [127.14236146658399, 37.4754154386998]], [[127.14236146658399, 37.4754154386998], [127.14235313913241, 37.4752349039527]], [[127.14235313913241, 37.4752349039527], [127.14228372725186, 37.47431001007308], [127.14220040378034, 37.47422946236597]], [[127.14220040378034, 37.47422946236597], [127.1421282222554, 37.47302682290069], [127.14212822280716, 37.47300738071328]]]}}, {"type": "Feature", "properties": {"단지명": "송파레이크파크호반써밋1차아파트"}, "geometry": {"type": "MultiLineString", "coordinates": [[[127.13868380525565, 37.48309225890202], [127.13925320100034, 37.48298394841109], [127.13982259666652, 37.48287841537564], [127.13986148162532, 37.482892303353275], [127.13992258639159, 37.48292007900808]], [[127.13992258639159, 37.48292007900808], [127.14035310713767, 37.48276732672864]], [[127.14035310713767, 37.48276732672864], [127.14005870917768, 37.482072957593324], [127.13997261157309, 37.48187297925864], [127.13982263506728, 37.48152579464069]], [[127.13982263506728, 37.48152579464069], [127.13974764740563, 37.48133137141685], [127.13962266578795, 37.48108417564065], [127.13935603456238, 37.48068977217897], [127.13893109102113, 37.480062059616536], [127.13875333744821, 37.47977875596965], [127.1386700165005, 37.47960932969317], [127.13855336556533, 37.47942879299454], [127.13843671439358, 37.47925658866183], [127.13821452207188, 37.478914957651995], [127.13813119994133, 37.47878719320521], [127.13801732637332, 37.47861221146721]], [[127.13801732637332, 37.47861221146721], [127.13803399223418, 37.47858721466975]], [[127.13803399223418, 37.47858721466975], [127.13808398918613, 37.47853444391995], [127.13825897351215, 37.47852611470845], [127.1395060836815, 37.47847892045046], [127.13964773754722, 37.47847614554891], [127.13979772414635, 37.478467815886944]], [[127.13979772414635, 37.478467815886944], [127.14072819588834, 37.47844005810891], [127.14145590852516, 37.47840396430986], [127.14149757077298, 37.47842618470362]], [[127.14149757077298, 37.47842618470362], [127.14192808726362, 37.478423415010425]], [[127.14192808726362, 37.478423415010425], [127.14189754307992, 37.47812067182914]], [[127.14189754307992, 37.47812067182914], [127.1418808783227, 37.47810678425204], [127.14183643902268, 37.47806789907624], [127.14180590295935, 37.47747907799611], [127.14179479411982, 37.47743463851056], [127.14179201746181, 37.47740408645186], [127.14177258487649, 37.47704857181925], [127.14175592398227, 37.476898588930986], [127.14173092854136, 37.476818042275724], [127.14168926928922, 37.476690278579376], [127.14164483132924, 37.47660417666291], [127.14163372193778, 37.47657917936463], [127.14156984161642, 37.476481967276285], [127.14152262581582, 37.47640697513106], [127.14138931083201, 37.476187553756226], [127.14125599537506, 37.47598479711336], [127.14120322507569, 37.47589036268063], [127.14114212267356, 37.475779263365666], [127.1411004631846, 37.47565983203521], [127.14106158153616, 37.47552929093348]], [[127.14106158153616, 37.47552929093348], [127.14110880088428, 37.47547929758871], [127.14111991145823, 37.475462633057], [127.14142821707593, 37.475451528793876], [127.14214204185288, 37.4754237671098]], [[127.14214204185288, 37.4754237671098], [127.14212815927192, 37.47524600971791]], [[127.14212815927192, 37.47524600971791], [127.14209485561356, 37.47430722921266], [127.14220040378034, 37.47422946236597]], [[127.14220040378034, 37.47422946236597], [127.1421282222554, 37.47302682290069], [127.14212822280716, 37.47300738071328]]]}}, {"type": "Feature", "properties": {"단지명": "위례포레스트사랑으로부영아파트"}, "geometry": {"type": "MultiLineString", "coordinates": [[[127.14432276984012, 37.46236143384982], [127.14398390962674, 37.4624364190373], [127.14390058426183, 37.462422530258415]], [[127.14390058426183, 37.462422530258415], [127.14351172449636, 37.46264194222487], [127.14303398250364, 37.46291134678618]], [[127.14303398250364, 37.46291134678618], [127.14302564843081, 37.46296411828828], [127.143067309892, 37.46301411323614]], [[127.143067309892, 37.46301411323614], [127.14348670202891, 37.46351406276475], [127.14380332903868, 37.463897357314885], [127.1438838759326, 37.46394457550829], [127.14400886023694, 37.464097337807225]], [[127.14400886023694, 37.464097337807225], [127.14411162772713, 37.46413066912427]], [[127.14411162772713, 37.46413066912427], [127.14420605893801, 37.464294540694]], [[127.14420605893801, 37.464294540694], [127.14412273231257, 37.46432509120115], [127.1440282954284, 37.46436119641879], [127.143983854551, 37.46437786035], [127.14385330928653, 37.46443340710442], [127.14378664781286, 37.46446395791198], [127.14296171027432, 37.46490555844733], [127.14288671496416, 37.4649805483907], [127.1427478365725, 37.46505553718257], [127.14269784048703, 37.4650777559244], [127.14268672920397, 37.46511941755477]], [[127.14268672920397, 37.46511941755477], [127.14267839497343, 37.465177743967445], [127.14269228212707, 37.465194408950026]], [[127.14269228212707, 37.465194408950026], [127.14230897772845, 37.46540271119411]], [[127.14230897772845, 37.46540271119411], [127.1422950905748, 37.46538604621154], [127.14219509997982, 37.465374934587715]], [[127.14219509997982, 37.465374934587715], [127.14164791914732, 37.465669334994594], [127.14152848374805, 37.465733214315414], [127.14129516760615, 37.46587486033401], [127.14118406478276, 37.46593873980501], [127.14106740690886, 37.46600261917588], [127.14054800164524, 37.46628591026186], [127.14052022536819, 37.466322016681026], [127.14048967125069, 37.4663692328716], [127.14050354973712, 37.46669141794452], [127.14053409069601, 37.467108036800106], [127.14053408825336, 37.467194137916415], [127.14055352541456, 37.46738856014238], [127.1406173780796, 37.46846065906366], [127.14062015379245, 37.468524540587005], [127.14062570647894, 37.46860786434793]], [[127.14062570647894, 37.46860786434793], [127.14069511104026, 37.46979106158188], [127.14069788722583, 37.46983827837298]], [[127.14069788722583, 37.46983827837298], [127.14070621783145, 37.46990771490706], [127.14071732178556, 37.47012435662497], [127.1407589651199, 37.470813166303486]], [[127.1407589651199, 37.470813166303486], [127.14085339877208, 37.47089093675563]], [[127.14085339877208, 37.47089093675563], [127.14086450154366, 37.47114924030354]], [[127.14086450154366, 37.47114924030354], [127.14123113527212, 37.471135359635845], [127.14136167982635, 37.47110480998023], [127.14186441260807, 37.47107982194469], [127.14199773397831, 37.47107426943737]], [[127.14199773397831, 37.47107426943737], [127.14201716830063, 37.47136868005512], [127.14205881328786, 37.47199916317059], [127.14206991834443, 37.472176920513164], [127.14212822280716, 37.47300738071328]]]}}, {"type": "Feature", "properties": {"단지명": "송파위례리슈빌아파트"}, "geometry": {"type": "MultiLineString", "coordinates": [[[127.14566649459428, 37.483411792175254], [127.14571649028501, 37.48340346071099], [127.14653308514745, 37.48331737432378], [127.14701082090686, 37.483267388744444]], [[127.14701082090686, 37.483267388744444], [127.14701638005906, 37.48312296116839]], [[127.14701638005906, 37.48312296116839], [127.14739134667522, 37.48309797083344], [127.14767465251352, 37.48315907996013], [127.14787185538512, 37.48320907771263], [127.14801072975355, 37.48327573914499], [127.14814127225623, 37.483317403329266], [127.14822182001465, 37.48333406951398]], [[127.14822182001465, 37.48333406951398], [127.1478690896133, 37.48279523682074]], [[127.1478690896133, 37.48279523682074], [127.14783020599539, 37.482734132102465], [127.14776354893938, 37.482609145410976], [127.14765800897531, 37.48239805690335], [127.14756635924026, 37.4820953126207], [127.14752747996047, 37.481881447859934], [127.14752470267186, 37.48187311544388], [127.1474997090463, 37.48172868731649], [127.14745528607372, 37.481114868889385], [127.1474330744689, 37.48081212585863]], [[127.1474330744689, 37.48081212585863], [127.14743029867884, 37.480751021791455], [127.14741641838765, 37.480492718196004], [127.14736365100785, 37.4802955179163], [127.1473414419264, 37.47990389631484], [127.14736366780681, 37.47970391993215], [127.14734423498842, 37.479356737665704], [127.14733312717456, 37.479276191260844], [127.14733035083229, 37.47923452938084], [127.14729703504037, 37.47872347699932], [127.14725815284145, 37.478612378084875], [127.1472442696315, 37.47845684033594], [127.14723594178744, 37.478290192865835], [127.14723594257606, 37.47826241831252]], [[127.14723594257606, 37.47826241831252], [127.14721094540086, 37.4782429756744], [127.1471248438531, 37.47818187010433], [127.1466776618151, 37.47819852677197], [127.14608604830674, 37.47822073574587], [127.14602494267248, 37.47822351209928], [127.14589439882822, 37.47822906465584], [127.14572774715577, 37.478234616561295], [127.14498336952285, 37.47826515514691], [127.14484449231442, 37.4782984821066], [127.14452229899196, 37.47831236357344], [127.14450285599985, 37.47832347304416]], [[127.14450285599985, 37.47832347304416], [127.14449453201895, 37.478020730263125]], [[127.14449453201895, 37.478020730263125], [127.1440973455149, 37.478034610377854]], [[127.1440973455149, 37.478034610377854], [127.14413345436809, 37.47799850410966], [127.14411679828429, 37.477679096446316], [127.14410291767553, 37.477431902671526], [127.14409736412314, 37.47737913092007], [127.14407515338274, 37.47704583587965], [127.14406404998361, 37.47680975197606], [127.14405849706192, 37.47673476058192], [127.14403628095985, 37.47659033250393], [127.14403350509032, 37.47653200589183], [127.14399462289057, 37.47642090697734], [127.14397240465966, 37.476351470193336], [127.14387797368943, 37.47617926625984], [127.14374743591581, 37.47597095475592], [127.14363633971506, 37.47580152797725], [127.14356690457971, 37.47569598342248], [127.14345858661365, 37.47550155959584], [127.14343636759419, 37.47545989736515]], [[127.14343636759419, 37.47545989736515], [127.14342248075631, 37.47543212256138], [127.14335859854276, 37.475401569400866]], [[127.14335859854276, 37.475401569400866], [127.14329749361795, 37.475379348656446], [127.14293085989075, 37.47539322932286], [127.14246423509704, 37.475412663097295], [127.14236146658399, 37.4754154386998]], [[127.14236146658399, 37.4754154386998], [127.14235313913241, 37.4752349039527]], [[127.14235313913241, 37.4752349039527], [127.14228372725186, 37.47431001007308], [127.14220040378034, 37.47422946236597]], [[127.14220040378034, 37.47422946236597], [127.1421282222554, 37.47302682290069], [127.14212822280716, 37.47300738071328]]]}}, {"type": "Feature", "properties": {"단지명": "송파레이크힐아파트"}, "geometry": {"type": "MultiLineString", "coordinates": [[[127.14343886793868, 37.485222652861346], [127.14328332557999, 37.48525597951994], [127.14298613006629, 37.48526708398162]], [[127.14298613006629, 37.48526708398162], [127.14288059144329, 37.48500877873531]], [[127.14288059144329, 37.48500877873531], [127.14266116671452, 37.485017107144266], [127.1424000789498, 37.48503098971255], [127.14154737744673, 37.48507541362084], [127.14145849656097, 37.485078189473406]], [[127.14145849656097, 37.485078189473406], [127.14134184207934, 37.48502263826385], [127.141197419759, 37.48470600575531], [127.14112798415232, 37.484617125933596], [127.14094467876566, 37.484219946520035], [127.14086691421089, 37.484003303604155], [127.14076970839899, 37.48373666614221], [127.14066694785194, 37.4834589187588], [127.14044198179393, 37.48298396984509], [127.14037254847366, 37.48281454381941], [127.14035310713767, 37.48276732672864], [127.14005870917768, 37.482072957593324], [127.13997261157309, 37.48187297925864], [127.13982263506728, 37.48152579464069]], [[127.13982263506728, 37.48152579464069], [127.13974764740563, 37.48133137141685], [127.13962266578795, 37.48108417564065], [127.13935603456238, 37.48068977217897], [127.13893109102113, 37.480062059616536], [127.13875333744821, 37.47977875596965], [127.1386700165005, 37.47960932969317], [127.13855336556533, 37.47942879299454], [127.13843671439358, 37.47925658866183], [127.13821452207188, 37.478914957651995], [127.13813119994133, 37.47878719320521], [127.13801732637332, 37.47861221146721]], [[127.13801732637332, 37.47861221146721], [127.13803399223418, 37.47858721466975]], [[127.13803399223418, 37.47858721466975], [127.13808398918613, 37.47853444391995], [127.13825897351215, 37.47852611470845], [127.1395060836815, 37.47847892045046], [127.13964773754722, 37.47847614554891], [127.13979772414635, 37.478467815886944]], [[127.13979772414635, 37.478467815886944], [127.14072819588834, 37.47844005810891], [127.14145590852516, 37.47840396430986], [127.14149757077298, 37.47842618470362]], [[127.14149757077298, 37.47842618470362], [127.14192808726362, 37.478423415010425]], [[127.14192808726362, 37.478423415010425], [127.14189754307992, 37.47812067182914]], [[127.14189754307992, 37.47812067182914], [127.1418808783227, 37.47810678425204], [127.14183643902268, 37.47806789907624], [127.14180590295935, 37.47747907799611], [127.14179479411982, 37.47743463851056], [127.14179201746181, 37.47740408645186], [127.14177258487649, 37.47704857181925], [127.14175592398227, 37.476898588930986], [127.14173092854136, 37.476818042275724], [127.14168926928922, 37.476690278579376], [127.14164483132924, 37.47660417666291], [127.14163372193778, 37.47657917936463], [127.14156984161642, 37.476481967276285], [127.14152262581582, 37.47640697513106], [127.14138931083201, 37.476187553756226], [127.14125599537506, 37.47598479711336], [127.14120322507569, 37.47589036268063], [127.14114212267356, 37.475779263365666], [127.1411004631846, 37.47565983203521], [127.14106158153616, 37.47552929093348]], [[127.14106158153616, 37.47552929093348], [127.14110880088428, 37.47547929758871], [127.14111991145823, 37.475462633057], [127.14142821707593, 37.475451528793876], [127.14214204185288, 37.4754237671098]], [[127.14214204185288, 37.4754237671098], [127.14212815927192, 37.47524600971791]], [[127.14212815927192, 37.47524600971791], [127.14209485561356, 37.47430722921266], [127.14220040378034, 37.47422946236597]], [[127.14220040378034, 37.47422946236597], [127.1421282222554, 37.47302682290069], [127.14212822280716, 37.47300738071328]]]}}, {"type": "Feature", "properties": {"단지명": "포레나송파아파트"}, "geometry": {"type": "MultiLineString", "coordinates": [[[127.14741074935795, 37.484506141026536], [127.14750518584675, 37.48448392308739], [127.1476857264854, 37.48443115469288], [127.14809124856092, 37.48431173142893], [127.14854121072476, 37.484203418787885], [127.14864675770907, 37.48416731377262], [127.14879118736438, 37.484225642939336]], [[127.14879118736438, 37.484225642939336], [127.14854677626734, 37.48383401733172]], [[127.14854677626734, 37.48383401733172], [127.14825237145118, 37.483381286805376], [127.14822182001465, 37.48333406951398], [127.1478690896133, 37.48279523682074]], [[127.1478690896133, 37.48279523682074], [127.14783020599539, 37.482734132102465], [127.14776354893938, 37.482609145410976], [127.14765800897531, 37.48239805690335], [127.14756635924026, 37.4820953126207], [127.14752747996047, 37.481881447859934], [127.14752470267186, 37.48187311544388], [127.1474997090463, 37.48172868731649], [127.14745528607372, 37.481114868889385], [127.1474330744689, 37.48081212585863]], [[127.1474330744689, 37.48081212585863], [127.14743029867884, 37.480751021791455], [127.14741641838765, 37.480492718196004], [127.14736365100785, 37.4802955179163], [127.1473414419264, 37.47990389631484], [127.14736366780681, 37.47970391993215], [127.14734423498842, 37.479356737665704], [127.14733312717456, 37.479276191260844], [127.14733035083229, 37.47923452938084], [127.14729703504037, 37.47872347699932], [127.14725815284145, 37.478612378084875], [127.1472442696315, 37.47845684033594], [127.14723594178744, 37.478290192865835], [127.14723594257606, 37.47826241831252]], [[127.14723594257606, 37.47826241831252], [127.14721094540086, 37.4782429756744], [127.1471248438531, 37.47818187010433], [127.1466776618151, 37.47819852677197], [127.14608604830674, 37.47822073574587], [127.14602494267248, 37.47822351209928], [127.14589439882822, 37.47822906465584], [127.14572774715577, 37.478234616561295], [127.14498336952285, 37.47826515514691], [127.14484449231442, 37.4782984821066], [127.14452229899196, 37.47831236357344], [127.14450285599985, 37.47832347304416]], [[127.14450285599985, 37.47832347304416], [127.14449453201895, 37.478020730263125]], [[127.14449453201895, 37.478020730263125], [127.1440973455149, 37.478034610377854]], [[127.1440973455149, 37.478034610377854], [127.14413345436809, 37.47799850410966], [127.14411679828429, 37.477679096446316], [127.14410291767553, 37.477431902671526], [127.14409736412314, 37.47737913092007], [127.14407515338274, 37.47704583587965], [127.14406404998361, 37.47680975197606], [127.14405849706192, 37.47673476058192], [127.14403628095985, 37.47659033250393], [127.14403350509032, 37.47653200589183], [127.14399462289057, 37.47642090697734], [127.14397240465966, 37.476351470193336], [127.14387797368943, 37.47617926625984], [127.14374743591581, 37.47597095475592], [127.14363633971506, 37.47580152797725], [127.14356690457971, 37.47569598342248], [127.14345858661365, 37.47550155959584], [127.14343636759419, 37.47545989736515]], [[127.14343636759419, 37.47545989736515], [127.14342248075631, 37.47543212256138], [127.14335859854276, 37.475401569400866]], [[127.14335859854276, 37.475401569400866], [127.14329749361795, 37.475379348656446], [127.14293085989075, 37.47539322932286], [127.14246423509704, 37.475412663097295], [127.14236146658399, 37.4754154386998]], [[127.14236146658399, 37.4754154386998], [127.14235313913241, 37.4752349039527]], [[127.14235313913241, 37.4752349039527], [127.14228372725186, 37.47431001007308], [127.14220040378034, 37.47422946236597]], [[127.14220040378034, 37.47422946236597], [127.1421282222554, 37.47302682290069], [127.14212822280716, 37.47300738071328]]]}}, {"type": "Feature", "properties": {"단지명": "위례호반써밋아파트"}, "geometry": {"type": "MultiLineString", "coordinates": [[[127.14979664692235, 37.48438675348397], [127.14977442356475, 37.48449785129558], [127.14987718884252, 37.48460895136179], [127.15016882173337, 37.484864482511135], [127.15036879976292, 37.48499780397348], [127.15134091844476, 37.48553109292973], [127.15140480105164, 37.48554775881404], [127.15144646440353, 37.485531094833796], [127.15149923801415, 37.48550887614336], [127.15155479159603, 37.485400556388456], [127.15162978556631, 37.48537278318826], [127.15171033419256, 37.485358897364826], [127.15187976370517, 37.485342235689544]], [[127.15187976370517, 37.485342235689544], [127.15191308911584, 37.48551443852002], [127.15190475519876, 37.485561655109954], [127.15184920209023, 37.48565331013298], [127.15179920426891, 37.48573663289029], [127.15193530048022, 37.48582551391545], [127.1520686203499, 37.4858727330609], [127.15226026667123, 37.48597550236483]], [[127.15226026667123, 37.48597550236483], [127.15216305005292, 37.486089376278606], [127.15208250150562, 37.48610048464668]], [[127.15208250150562, 37.48610048464668], [127.15205194864917, 37.48610326155078], [127.15203806118085, 37.48609770638962], [127.151654768696, 37.4858866128713], [127.15137424188288, 37.48577273214282], [127.15004938309906, 37.48504223749648], [127.14996605963016, 37.484961689789415], [127.14957999435286, 37.484583948903044], [127.14939390592158, 37.48438119130857], [127.14920226535867, 37.484075667767385], [127.14892452443218, 37.48366737682649], [127.14864956134598, 37.48324797611437], [127.1484579204666, 37.482953562394265], [127.14824128272757, 37.48262859621478]], [[127.14824128272757, 37.48262859621478], [127.14811630095463, 37.48238695534791], [127.1479802134978, 37.48198977678284], [127.14796354976619, 37.481939782286545], [127.14789690067654, 37.4815342726077], [127.14788857977439, 37.48112320907002], [127.14791080068618, 37.481098212372885]], [[127.14791080068618, 37.481098212372885], [127.14745528607372, 37.481114868889385]], [[127.14745528607372, 37.481114868889385], [127.1474330744689, 37.48081212585863]], [[127.1474330744689, 37.48081212585863], [127.14743029867884, 37.480751021791455], [127.14741641838765, 37.480492718196004], [127.14736365100785, 37.4802955179163], [127.1473414419264, 37.47990389631484], [127.14736366780681, 37.47970391993215], [127.14734423498842, 37.479356737665704], [127.14733312717456, 37.479276191260844], [127.14733035083229, 37.47923452938084], [127.14729703504037, 37.47872347699932], [127.14725815284145, 37.478612378084875], [127.1472442696315, 37.47845684033594], [127.14723594178744, 37.478290192865835], [127.14723594257606, 37.47826241831252]], [[127.14723594257606, 37.47826241831252], [127.14721094540086, 37.4782429756744], [127.1471248438531, 37.47818187010433], [127.1466776618151, 37.47819852677197], [127.14608604830674, 37.47822073574587], [127.14602494267248, 37.47822351209928], [127.14589439882822, 37.47822906465584], [127.14572774715577, 37.478234616561295], [127.14498336952285, 37.47826515514691], [127.14484449231442, 37.4782984821066], [127.14452229899196, 37.47831236357344], [127.14450285599985, 37.47832347304416]], [[127.14450285599985, 37.47832347304416], [127.14449453201895, 37.478020730263125]], [[127.14449453201895, 37.478020730263125], [127.1440973455149, 37.478034610377854]], [[127.1440973455149, 37.478034610377854], [127.14413345436809, 37.47799850410966], [127.14411679828429, 37.477679096446316], [127.14410291767553, 37.477431902671526], [127.14409736412314, 37.47737913092007], [127.14407515338274, 37.47704583587965], [127.14406404998361, 37.47680975197606], [127.14405849706192, 37.47673476058192], [127.14403628095985, 37.47659033250393], [127.14403350509032, 37.47653200589183], [127.14399462289057, 37.47642090697734], [127.14397240465966, 37.476351470193336], [127.14387797368943, 37.47617926625984], [127.14374743591581, 37.47597095475592], [127.14363633971506, 37.47580152797725], [127.14356690457971, 37.47569598342248], [127.14345858661365, 37.47550155959584], [127.14343636759419, 37.47545989736515]], [[127.14343636759419, 37.47545989736515], [127.14342248075631, 37.47543212256138], [127.14335859854276, 37.475401569400866]], [[127.14335859854276, 37.475401569400866], [127.14329749361795, 37.475379348656446], [127.14293085989075, 37.47539322932286], [127.14246423509704, 37.475412663097295], [127.14236146658399, 37.4754154386998]], [[127.14236146658399, 37.4754154386998], [127.14235313913241, 37.4752349039527]], [[127.14235313913241, 37.4752349039527], [127.14228372725186, 37.47431001007308], [127.14220040378034, 37.47422946236597]], [[127.14220040378034, 37.47422946236597], [127.1421282222554, 37.47302682290069], [127.14212822280716, 37.47300738071328]]]}}, {"type": "Feature", "properties": {"단지명": "위례택지개발사업지구A1-14블록아파트"}, "geometry": {"type": "MultiLineString", "coordinates": [[[127.14789119021887, 37.48700585946682], [127.14792729915129, 37.48696697574395], [127.14804951081325, 37.4869475357613], [127.14811061534243, 37.48698364378244]], [[127.14811061534243, 37.48698364378244], [127.14823838576308, 37.48683366350093]], [[127.14823838576308, 37.48683366350093], [127.14803562997233, 37.48670867435501], [127.14793286327489, 37.48664756848467], [127.14790786602127, 37.48663090330196], [127.14754401637116, 37.48641425522537], [127.14713850549927, 37.48613927983607], [127.14706906886768, 37.486086506932885], [127.14692186271326, 37.48599207079742], [127.14666078157471, 37.48577264711939], [127.14647191561845, 37.48556988947572], [127.14625805374943, 37.48530324990921], [127.14610252338078, 37.48491440336128]], [[127.14610252338078, 37.48491440336128], [127.14614974336054, 37.48484219037496], [127.14616640866964, 37.48483663576493], [127.14724131945135, 37.484536689978995], [127.14735242093374, 37.48452002725103], [127.14750518584675, 37.48448392308739], [127.1476857264854, 37.48443115469288], [127.14809124856092, 37.48431173142893], [127.14854121072476, 37.484203418787885], [127.14864675770907, 37.48416731377262], [127.14879118736438, 37.484225642939336]], [[127.14879118736438, 37.484225642939336], [127.14854677626734, 37.48383401733172]], [[127.14854677626734, 37.48383401733172], [127.14825237145118, 37.483381286805376], [127.14822182001465, 37.48333406951398], [127.1478690896133, 37.48279523682074]], [[127.1478690896133, 37.48279523682074], [127.14783020599539, 37.482734132102465], [127.14776354893938, 37.482609145410976], [127.14765800897531, 37.48239805690335], [127.14756635924026, 37.4820953126207], [127.14752747996047, 37.481881447859934], [127.14752470267186, 37.48187311544388], [127.1474997090463, 37.48172868731649], [127.14745528607372, 37.481114868889385], [127.1474330744689, 37.48081212585863]], [[127.1474330744689, 37.48081212585863], [127.14743029867884, 37.480751021791455], [127.14741641838765, 37.480492718196004], [127.14736365100785, 37.4802955179163], [127.1473414419264, 37.47990389631484], [127.14736366780681, 37.47970391993215], [127.14734423498842, 37.479356737665704], [127.14733312717456, 37.479276191260844], [127.14733035083229, 37.47923452938084], [127.14729703504037, 37.47872347699932], [127.14725815284145, 37.478612378084875], [127.1472442696315, 37.47845684033594], [127.14723594178744, 37.478290192865835], [127.14723594257606, 37.47826241831252]], [[127.14723594257606, 37.47826241831252], [127.14721094540086, 37.4782429756744], [127.1471248438531, 37.47818187010433], [127.1466776618151, 37.47819852677197], [127.14608604830674, 37.47822073574587], [127.14602494267248, 37.47822351209928], [127.14589439882822, 37.47822906465584], [127.14572774715577, 37.478234616561295], [127.14498336952285, 37.47826515514691], [127.14484449231442, 37.4782984821066], [127.14452229899196, 37.47831236357344], [127.14450285599985, 37.47832347304416]], [[127.14450285599985, 37.47832347304416], [127.14449453201895, 37.478020730263125]], [[127.14449453201895, 37.478020730263125], [127.1440973455149, 37.478034610377854]], [[127.1440973455149, 37.478034610377854], [127.14413345436809, 37.47799850410966], [127.14411679828429, 37.477679096446316], [127.14410291767553, 37.477431902671526], [127.14409736412314, 37.47737913092007], [127.14407515338274, 37.47704583587965], [127.14406404998361, 37.47680975197606], [127.14405849706192, 37.47673476058192], [127.14403628095985, 37.47659033250393], [127.14403350509032, 37.47653200589183], [127.14399462289057, 37.47642090697734], [127.14397240465966, 37.476351470193336], [127.14387797368943, 37.47617926625984], [127.14374743591581, 37.47597095475592], [127.14363633971506, 37.47580152797725], [127.14356690457971, 37.47569598342248], [127.14345858661365, 37.47550155959584], [127.14343636759419, 37.47545989736515]], [[127.14343636759419, 37.47545989736515], [127.14342248075631, 37.47543212256138], [127.14335859854276, 37.475401569400866]], [[127.14335859854276, 37.475401569400866], [127.14329749361795, 37.475379348656446], [127.14293085989075, 37.47539322932286], [127.14246423509704, 37.475412663097295], [127.14236146658399, 37.4754154386998]], [[127.14236146658399, 37.4754154386998], [127.14235313913241, 37.4752349039527]], [[127.14235313913241, 37.4752349039527], [127.14228372725186, 37.47431001007308], [127.14220040378034, 37.47422946236597]], [[127.14220040378034, 37.47422946236597], [127.1421282222554, 37.47302682290069], [127.14212822280716, 37.47300738071328]]]}}, {"type": "Feature", "properties": {"단지명": "힐스테이트센트럴위례아파트"}, "geometry": {"type": "MultiLineString", "coordinates": [[[127.15332408179796, 37.48516728206177], [127.15314909407833, 37.48529504184914], [127.15296854973013, 37.485478350642495], [127.15281578087104, 37.485653327570965], [127.15254912968983, 37.48596162029969], [127.15249913123712, 37.48606716269941], [127.15236025055665, 37.48622269769114], [127.15236580473909, 37.48625324979973]], [[127.15236580473909, 37.48625324979973], [127.15208250150562, 37.48610048464668]], [[127.15208250150562, 37.48610048464668], [127.15205194864917, 37.48610326155078], [127.15203806118085, 37.48609770638962], [127.151654768696, 37.4858866128713], [127.15137424188288, 37.48577273214282], [127.15004938309906, 37.48504223749648], [127.14996605963016, 37.484961689789415], [127.14957999435286, 37.484583948903044], [127.14939390592158, 37.48438119130857], [127.14920226535867, 37.484075667767385], [127.14892452443218, 37.48366737682649], [127.14864956134598, 37.48324797611437], [127.1484579204666, 37.482953562394265], [127.14824128272757, 37.48262859621478]], [[127.14824128272757, 37.48262859621478], [127.14811630095463, 37.48238695534791], [127.1479802134978, 37.48198977678284], [127.14796354976619, 37.481939782286545], [127.14789690067654, 37.4815342726077], [127.14788857977439, 37.48112320907002], [127.14791080068618, 37.481098212372885]], [[127.14791080068618, 37.481098212372885], [127.14745528607372, 37.481114868889385]], [[127.14745528607372, 37.481114868889385], [127.1474330744689, 37.48081212585863]], [[127.1474330744689, 37.48081212585863], [127.14743029867884, 37.480751021791455], [127.14741641838765, 37.480492718196004], [127.14736365100785, 37.4802955179163], [127.1473414419264, 37.47990389631484], [127.14736366780681, 37.47970391993215], [127.14734423498842, 37.479356737665704], [127.14733312717456, 37.479276191260844], [127.14733035083229, 37.47923452938084], [127.14729703504037, 37.47872347699932], [127.14725815284145, 37.478612378084875], [127.1472442696315, 37.47845684033594], [127.14723594178744, 37.478290192865835], [127.14723594257606, 37.47826241831252]], [[127.14723594257606, 37.47826241831252], [127.14721094540086, 37.4782429756744], [127.1471248438531, 37.47818187010433], [127.1466776618151, 37.47819852677197], [127.14608604830674, 37.47822073574587], [127.14602494267248, 37.47822351209928], [127.14589439882822, 37.47822906465584], [127.14572774715577, 37.478234616561295], [127.14498336952285, 37.47826515514691], [127.14484449231442, 37.4782984821066], [127.14452229899196, 37.47831236357344], [127.14450285599985, 37.47832347304416]], [[127.14450285599985, 37.47832347304416], [127.14449453201895, 37.478020730263125]], [[127.14449453201895, 37.478020730263125], [127.1440973455149, 37.478034610377854]], [[127.1440973455149, 37.478034610377854], [127.14413345436809, 37.47799850410966], [127.14411679828429, 37.477679096446316], [127.14410291767553, 37.477431902671526], [127.14409736412314, 37.47737913092007], [127.14407515338274, 37.47704583587965], [127.14406404998361, 37.47680975197606], [127.14405849706192, 37.47673476058192], [127.14403628095985, 37.47659033250393], [127.14403350509032, 37.47653200589183], [127.14399462289057, 37.47642090697734], [127.14397240465966, 37.476351470193336], [127.14387797368943, 37.47617926625984], [127.14374743591581, 37.47597095475592], [127.14363633971506, 37.47580152797725], [127.14356690457971, 37.47569598342248], [127.14345858661365, 37.47550155959584], [127.14343636759419, 37.47545989736515]], [[127.14343636759419, 37.47545989736515], [127.14342248075631, 37.47543212256138], [127.14335859854276, 37.475401569400866]], [[127.14335859854276, 37.475401569400866], [127.14329749361795, 37.475379348656446], [127.14293085989075, 37.47539322932286], [127.14246423509704, 37.475412663097295], [127.14236146658399, 37.4754154386998]], [[127.14236146658399, 37.4754154386998], [127.14235313913241, 37.4752349039527]], [[127.14235313913241, 37.4752349039527], [127.14228372725186, 37.47431001007308], [127.14220040378034, 37.47422946236597]], [[127.14220040378034, 37.47422946236597], [127.1421282222554, 37.47302682290069], [127.14212822280716, 37.47300738071328]]]}}, {"type": "Feature", "properties": {"단지명": "위례숲우미린아파트"}, "geometry": {"type": "MultiLineString", "coordinates": [[[127.15373793810834, 37.48498953238831], [127.15370460756877, 37.484997864152916], [127.15360739331749, 37.485028414407466], [127.15357684014533, 37.4850423011328], [127.15339352095465, 37.485131176395484]], [[127.15339352095465, 37.485131176395484], [127.15326020384657, 37.48498674631392]], [[127.15326020384657, 37.48498674631392], [127.15318243203525, 37.48502562928521], [127.15297689090681, 37.48517560816391], [127.15275468281219, 37.48538946821408], [127.1525046973348, 37.48567831905645], [127.15226026667123, 37.48597550236483], [127.15216305005292, 37.486089376278606], [127.15208250150562, 37.48610048464668]], [[127.15208250150562, 37.48610048464668], [127.15205194864917, 37.48610326155078], [127.15203806118085, 37.48609770638962], [127.151654768696, 37.4858866128713], [127.15137424188288, 37.48577273214282], [127.15004938309906, 37.48504223749648], [127.14996605963016, 37.484961689789415], [127.14957999435286, 37.484583948903044], [127.14939390592158, 37.48438119130857], [127.14920226535867, 37.484075667767385], [127.14892452443218, 37.48366737682649], [127.14864956134598, 37.48324797611437], [127.1484579204666, 37.482953562394265], [127.14824128272757, 37.48262859621478]], [[127.14824128272757, 37.48262859621478], [127.14811630095463, 37.48238695534791], [127.1479802134978, 37.48198977678284], [127.14796354976619, 37.481939782286545], [127.14789690067654, 37.4815342726077], [127.14788857977439, 37.48112320907002], [127.14791080068618, 37.481098212372885]], [[127.14791080068618, 37.481098212372885], [127.14745528607372, 37.481114868889385]], [[127.14745528607372, 37.481114868889385], [127.1474330744689, 37.48081212585863]], [[127.1474330744689, 37.48081212585863], [127.14743029867884, 37.480751021791455], [127.14741641838765, 37.480492718196004], [127.14736365100785, 37.4802955179163], [127.1473414419264, 37.47990389631484], [127.14736366780681, 37.47970391993215], [127.14734423498842, 37.479356737665704], [127.14733312717456, 37.479276191260844], [127.14733035083229, 37.47923452938084], [127.14729703504037, 37.47872347699932], [127.14725815284145, 37.478612378084875], [127.1472442696315, 37.47845684033594], [127.14723594178744, 37.478290192865835], [127.14723594257606, 37.47826241831252]], [[127.14723594257606, 37.47826241831252], [127.14721094540086, 37.4782429756744], [127.1471248438531, 37.47818187010433], [127.1466776618151, 37.47819852677197], [127.14608604830674, 37.47822073574587], [127.14602494267248, 37.47822351209928], [127.14589439882822, 37.47822906465584], [127.14572774715577, 37.478234616561295], [127.14498336952285, 37.47826515514691], [127.14484449231442, 37.4782984821066], [127.14452229899196, 37.47831236357344], [127.14450285599985, 37.47832347304416]], [[127.14450285599985, 37.47832347304416], [127.14449453201895, 37.478020730263125]], [[127.14449453201895, 37.478020730263125], [127.1440973455149, 37.478034610377854]], [[127.1440973455149, 37.478034610377854], [127.14413345436809, 37.47799850410966], [127.14411679828429, 37.477679096446316], [127.14410291767553, 37.477431902671526], [127.14409736412314, 37.47737913092007], [127.14407515338274, 37.47704583587965], [127.14406404998361, 37.47680975197606], [127.14405849706192, 37.47673476058192], [127.14403628095985, 37.47659033250393], [127.14403350509032, 37.47653200589183], [127.14399462289057, 37.47642090697734], [127.14397240465966, 37.476351470193336], [127.14387797368943, 37.47617926625984], [127.14374743591581, 37.47597095475592], [127.14363633971506, 37.47580152797725], [127.14356690457971, 37.47569598342248], [127.14345858661365, 37.47550155959584], [127.14343636759419, 37.47545989736515]], [[127.14343636759419, 37.47545989736515], [127.14342248075631, 37.47543212256138], [127.14335859854276, 37.475401569400866]], [[127.14335859854276, 37.475401569400866], [127.14329749361795, 37.475379348656446], [127.14293085989075, 37.47539322932286], [127.14246423509704, 37.475412663097295], [127.14236146658399, 37.4754154386998]], [[127.14236146658399, 37.4754154386998], [127.14235313913241, 37.4752349039527]], [[127.14235313913241, 37.4752349039527], [127.14228372725186, 37.47431001007308], [127.14220040378034, 37.47422946236597]], [[127.14220040378034, 37.47422946236597], [127.1421282222554, 37.47302682290069], [127.14212822280716, 37.47300738071328]]]}}, {"type": "Feature", "properties": {"단지명": "위례포레샤인18단지아파트"}, "geometry": {"type": "MultiLineString", "coordinates": [[[127.15194360962018, 37.48665041829181], [127.15197416350242, 37.48661153446874]], [[127.15197416350242, 37.48661153446874], [127.15176862979189, 37.48650043254845]], [[127.15176862979189, 37.48650043254845], [127.15176029934673, 37.486425441104885], [127.1510659293232, 37.486028252469175], [127.15077151622539, 37.48586715475012], [127.15047432520772, 37.48571994425755], [127.14988272243318, 37.48536441930601], [127.14972440720331, 37.48523387605066], [127.14944110467931, 37.485056113800475], [127.1493105646227, 37.4849283485015], [127.14919113458805, 37.484803360858244], [127.14899393739708, 37.48455338632324], [127.14881062940988, 37.48424786293252], [127.14879118736438, 37.484225642939336]], [[127.14879118736438, 37.484225642939336], [127.14854677626734, 37.48383401733172]], [[127.14854677626734, 37.48383401733172], [127.14825237145118, 37.483381286805376], [127.14822182001465, 37.48333406951398], [127.1478690896133, 37.48279523682074]], [[127.1478690896133, 37.48279523682074], [127.14783020599539, 37.482734132102465], [127.14776354893938, 37.482609145410976], [127.14765800897531, 37.48239805690335], [127.14756635924026, 37.4820953126207], [127.14752747996047, 37.481881447859934], [127.14752470267186, 37.48187311544388], [127.1474997090463, 37.48172868731649], [127.14745528607372, 37.481114868889385], [127.1474330744689, 37.48081212585863]], [[127.1474330744689, 37.48081212585863], [127.14743029867884, 37.480751021791455], [127.14741641838765, 37.480492718196004], [127.14736365100785, 37.4802955179163], [127.1473414419264, 37.47990389631484], [127.14736366780681, 37.47970391993215], [127.14734423498842, 37.479356737665704], [127.14733312717456, 37.479276191260844], [127.14733035083229, 37.47923452938084], [127.14729703504037, 37.47872347699932], [127.14725815284145, 37.478612378084875], [127.1472442696315, 37.47845684033594], [127.14723594178744, 37.478290192865835], [127.14723594257606, 37.47826241831252]], [[127.14723594257606, 37.47826241831252], [127.14721094540086, 37.4782429756744], [127.1471248438531, 37.47818187010433], [127.1466776618151, 37.47819852677197], [127.14608604830674, 37.47822073574587], [127.14602494267248, 37.47822351209928], [127.14589439882822, 37.47822906465584], [127.14572774715577, 37.478234616561295], [127.14498336952285, 37.47826515514691], [127.14484449231442, 37.4782984821066], [127.14452229899196, 37.47831236357344], [127.14450285599985, 37.47832347304416]], [[127.14450285599985, 37.47832347304416], [127.14449453201895, 37.478020730263125]], [[127.14449453201895, 37.478020730263125], [127.1440973455149, 37.478034610377854]], [[127.1440973455149, 37.478034610377854], [127.14413345436809, 37.47799850410966], [127.14411679828429, 37.477679096446316], [127.14410291767553, 37.477431902671526], [127.14409736412314, 37.47737913092007], [127.14407515338274, 37.47704583587965], [127.14406404998361, 37.47680975197606], [127.14405849706192, 37.47673476058192], [127.14403628095985, 37.47659033250393], [127.14403350509032, 37.47653200589183], [127.14399462289057, 37.47642090697734], [127.14397240465966, 37.476351470193336], [127.14387797368943, 37.47617926625984], [127.14374743591581, 37.47597095475592], [127.14363633971506, 37.47580152797725], [127.14356690457971, 37.47569598342248], [127.14345858661365, 37.47550155959584], [127.14343636759419, 37.47545989736515]], [[127.14343636759419, 37.47545989736515], [127.14342248075631, 37.47543212256138], [127.14335859854276, 37.475401569400866]], [[127.14335859854276, 37.475401569400866], [127.14329749361795, 37.475379348656446], [127.14293085989075, 37.47539322932286], [127.14246423509704, 37.475412663097295], [127.14236146658399, 37.4754154386998]], [[127.14236146658399, 37.4754154386998], [127.14235313913241, 37.4752349039527]], [[127.14235313913241, 37.4752349039527], [127.14228372725186, 37.47431001007308], [127.14220040378034, 37.47422946236597]], [[127.14220040378034, 37.47422946236597], [127.1421282222554, 37.47302682290069], [127.14212822280716, 37.47300738071328]]]}}, {"type": "Feature", "properties": {"단지명": "위례중흥S-클래스아파트"}, "geometry": {"type": "MultiLineString", "coordinates": [[[127.15754596364673, 37.48363698035575], [127.15751818760508, 37.4836647544078], [127.15753762136413, 37.48397860721], [127.15758205995294, 37.48404248948428], [127.15766260731701, 37.48407304294625], [127.15784314622132, 37.48408137856995], [127.15859862930053, 37.48421471005802], [127.15890137679028, 37.4843119264575], [127.15915968237645, 37.484461913706205]], [[127.15915968237645, 37.484461913706205], [127.15914301667249, 37.48448135559272], [127.159065243361, 37.48457301021489], [127.15902357921945, 37.48461744874819], [127.15893747325332, 37.484711880675285]], [[127.15893747325332, 37.484711880675285], [127.15887081391018, 37.48466744018724], [127.15870971989251, 37.48458133616524], [127.1587013873957, 37.48457855855956], [127.15854584850742, 37.48448967718251], [127.1582097710305, 37.4843813503604], [127.15790146762221, 37.48431468586941], [127.15777925674813, 37.48430635129819], [127.15767648855076, 37.48429801707782], [127.15762093820368, 37.48429246116479], [127.15735985043595, 37.484306343730246], [127.15734040768031, 37.48430912083474], [127.1572098632835, 37.484334115577056], [127.15683211787724, 37.48440354514403], [127.15660435970237, 37.48444242540889], [127.15648492556447, 37.48446186544109], [127.15625438962769, 37.48450907802184], [127.15610162495017, 37.48453684981863], [127.15590441963207, 37.48457295317954], [127.15570999183923, 37.484609056590585], [127.15541001753486, 37.48466460028451], [127.15532391385783, 37.48467848600754], [127.15489339649862, 37.48471180770366], [127.15430733819963, 37.48472846186172], [127.15410735590899, 37.48474512298554], [127.15397958927457, 37.48476178541228], [127.15392959366247, 37.4847673394209], [127.15373238850259, 37.484797887871444], [127.15359073345294, 37.484842324600805], [127.15348518607358, 37.48489231689224], [127.15326020384657, 37.48498674631392], [127.15318243203525, 37.48502562928521], [127.15297689090681, 37.48517560816391], [127.15275468281219, 37.48538946821408], [127.1525046973348, 37.48567831905645], [127.15226026667123, 37.48597550236483], [127.15216305005292, 37.486089376278606], [127.15208250150562, 37.48610048464668]], [[127.15208250150562, 37.48610048464668], [127.15205194864917, 37.48610326155078], [127.15203806118085, 37.48609770638962], [127.151654768696, 37.4858866128713], [127.15137424188288, 37.48577273214282], [127.15004938309906, 37.48504223749648], [127.14996605963016, 37.484961689789415], [127.14957999435286, 37.484583948903044], [127.14939390592158, 37.48438119130857], [127.14920226535867, 37.484075667767385], [127.14892452443218, 37.48366737682649], [127.14864956134598, 37.48324797611437], [127.1484579204666, 37.482953562394265], [127.14824128272757, 37.48262859621478]], [[127.14824128272757, 37.48262859621478], [127.14811630095463, 37.48238695534791], [127.1479802134978, 37.48198977678284], [127.14796354976619, 37.481939782286545], [127.14789690067654, 37.4815342726077], [127.14788857977439, 37.48112320907002], [127.14791080068618, 37.481098212372885]], [[127.14791080068618, 37.481098212372885], [127.14745528607372, 37.481114868889385]], [[127.14745528607372, 37.481114868889385], [127.1474330744689, 37.48081212585863]], [[127.1474330744689, 37.48081212585863], [127.14743029867884, 37.480751021791455], [127.14741641838765, 37.480492718196004], [127.14736365100785, 37.4802955179163], [127.1473414419264, 37.47990389631484], [127.14736366780681, 37.47970391993215], [127.14734423498842, 37.479356737665704], [127.14733312717456, 37.479276191260844], [127.14733035083229, 37.47923452938084], [127.14729703504037, 37.47872347699932], [127.14725815284145, 37.478612378084875], [127.1472442696315, 37.47845684033594], [127.14723594178744, 37.478290192865835], [127.14723594257606, 37.47826241831252]], [[127.14723594257606, 37.47826241831252], [127.14721094540086, 37.4782429756744], [127.1471248438531, 37.47818187010433], [127.1466776618151, 37.47819852677197], [127.14608604830674, 37.47822073574587], [127.14602494267248, 37.47822351209928], [127.14589439882822, 37.47822906465584], [127.14572774715577, 37.478234616561295], [127.14498336952285, 37.47826515514691], [127.14484449231442, 37.4782984821066], [127.14452229899196, 37.47831236357344], [127.14450285599985, 37.47832347304416]], [[127.14450285599985, 37.47832347304416], [127.14449453201895, 37.478020730263125]], [[127.14449453201895, 37.478020730263125], [127.1440973455149, 37.478034610377854]], [[127.1440973455149, 37.478034610377854], [127.14413345436809, 37.47799850410966], [127.14411679828429, 37.477679096446316], [127.14410291767553, 37.477431902671526], [127.14409736412314, 37.47737913092007], [127.14407515338274, 37.47704583587965], [127.14406404998361, 37.47680975197606], [127.14405849706192, 37.47673476058192], [127.14403628095985, 37.47659033250393], [127.14403350509032, 37.47653200589183], [127.14399462289057, 37.47642090697734], [127.14397240465966, 37.476351470193336], [127.14387797368943, 37.47617926625984], [127.14374743591581, 37.47597095475592], [127.14363633971506, 37.47580152797725], [127.14356690457971, 37.47569598342248], [127.14345858661365, 37.47550155959584], [127.14343636759419, 37.47545989736515]], [[127.14343636759419, 37.47545989736515], [127.14342248075631, 37.47543212256138], [127.14335859854276, 37.475401569400866]], [[127.14335859854276, 37.475401569400866], [127.14329749361795, 37.475379348656446], [127.14293085989075, 37.47539322932286], [127.14246423509704, 37.475412663097295], [127.14236146658399, 37.4754154386998]], [[127.14236146658399, 37.4754154386998], [127.14235313913241, 37.4752349039527]], [[127.14235313913241, 37.4752349039527], [127.14228372725186, 37.47431001007308], [127.14220040378034, 37.47422946236597]], [[127.14220040378034, 37.47422946236597], [127.1421282222554, 37.47302682290069], [127.14212822280716, 37.47300738071328]]]}}, {"type": "Feature", "properties": {"단지명": "위례아너스포레아파트"}, "geometry": {"type": "MultiLineString", "coordinates": [[[127.15911800371242, 37.48501740401842], [127.15892913460024, 37.484925744584544], [127.15880137041206, 37.48485630589593], [127.15843474299889, 37.48464799013092], [127.15816532557552, 37.48455910669897], [127.15785146711683, 37.48449244210774], [127.15777647417195, 37.48448410838855], [127.15761260049813, 37.48447299561023], [127.15736817788193, 37.48448687847637], [127.15688488604289, 37.484572970870694], [127.15653491604708, 37.48463684602824], [127.15644325716164, 37.4846562865616], [127.15621827643322, 37.48469794433191], [127.15617105818845, 37.48470905330121], [127.15596829774096, 37.48474793401717], [127.15586275209742, 37.4847368222915], [127.15536557168595, 37.48485624389947], [127.15489616881563, 37.48489511980458], [127.15461008347926, 37.48490344700883], [127.15432122061772, 37.48491177416304], [127.15412123832712, 37.48492843528683], [127.1539906943253, 37.48493954275283], [127.15379626661176, 37.48497286870877], [127.15370460756877, 37.484997864152916], [127.15360739331749, 37.485028414407466], [127.15357684014533, 37.4850423011328], [127.15339352095465, 37.485131176395484]], [[127.15339352095465, 37.485131176395484], [127.15326020384657, 37.48498674631392]], [[127.15326020384657, 37.48498674631392], [127.15318243203525, 37.48502562928521], [127.15297689090681, 37.48517560816391], [127.15275468281219, 37.48538946821408], [127.1525046973348, 37.48567831905645], [127.15226026667123, 37.48597550236483], [127.15216305005292, 37.486089376278606], [127.15208250150562, 37.48610048464668]], [[127.15208250150562, 37.48610048464668], [127.15205194864917, 37.48610326155078], [127.15203806118085, 37.48609770638962], [127.151654768696, 37.4858866128713], [127.15137424188288, 37.48577273214282], [127.15004938309906, 37.48504223749648], [127.14996605963016, 37.484961689789415], [127.14957999435286, 37.484583948903044], [127.14939390592158, 37.48438119130857], [127.14920226535867, 37.484075667767385], [127.14892452443218, 37.48366737682649], [127.14864956134598, 37.48324797611437], [127.1484579204666, 37.482953562394265], [127.14824128272757, 37.48262859621478]], [[127.14824128272757, 37.48262859621478], [127.14811630095463, 37.48238695534791], [127.1479802134978, 37.48198977678284], [127.14796354976619, 37.481939782286545], [127.14789690067654, 37.4815342726077], [127.14788857977439, 37.48112320907002], [127.14791080068618, 37.481098212372885]], [[127.14791080068618, 37.481098212372885], [127.14745528607372, 37.481114868889385]], [[127.14745528607372, 37.481114868889385], [127.1474330744689, 37.48081212585863]], [[127.1474330744689, 37.48081212585863], [127.14743029867884, 37.480751021791455], [127.14741641838765, 37.480492718196004], [127.14736365100785, 37.4802955179163], [127.1473414419264, 37.47990389631484], [127.14736366780681, 37.47970391993215], [127.14734423498842, 37.479356737665704], [127.14733312717456, 37.479276191260844], [127.14733035083229, 37.47923452938084], [127.14729703504037, 37.47872347699932], [127.14725815284145, 37.478612378084875], [127.1472442696315, 37.47845684033594], [127.14723594178744, 37.478290192865835], [127.14723594257606, 37.47826241831252]], [[127.14723594257606, 37.47826241831252], [127.14721094540086, 37.4782429756744], [127.1471248438531, 37.47818187010433], [127.1466776618151, 37.47819852677197], [127.14608604830674, 37.47822073574587], [127.14602494267248, 37.47822351209928], [127.14589439882822, 37.47822906465584], [127.14572774715577, 37.478234616561295], [127.14498336952285, 37.47826515514691], [127.14484449231442, 37.4782984821066], [127.14452229899196, 37.47831236357344], [127.14450285599985, 37.47832347304416]], [[127.14450285599985, 37.47832347304416], [127.14449453201895, 37.478020730263125]], [[127.14449453201895, 37.478020730263125], [127.1440973455149, 37.478034610377854]], [[127.1440973455149, 37.478034610377854], [127.14413345436809, 37.47799850410966], [127.14411679828429, 37.477679096446316], [127.14410291767553, 37.477431902671526], [127.14409736412314, 37.47737913092007], [127.14407515338274, 37.47704583587965], [127.14406404998361, 37.47680975197606], [127.14405849706192, 37.47673476058192], [127.14403628095985, 37.47659033250393], [127.14403350509032, 37.47653200589183], [127.14399462289057, 37.47642090697734], [127.14397240465966, 37.476351470193336], [127.14387797368943, 37.47617926625984], [127.14374743591581, 37.47597095475592], [127.14363633971506, 37.47580152797725], [127.14356690457971, 37.47569598342248], [127.14345858661365, 37.47550155959584], [127.14343636759419, 37.47545989736515]], [[127.14343636759419, 37.47545989736515], [127.14342248075631, 37.47543212256138], [127.14335859854276, 37.475401569400866]], [[127.14335859854276, 37.475401569400866], [127.14329749361795, 37.475379348656446], [127.14293085989075, 37.47539322932286], [127.14246423509704, 37.475412663097295], [127.14236146658399, 37.4754154386998]], [[127.14236146658399, 37.4754154386998], [127.14235313913241, 37.4752349039527]], [[127.14235313913241, 37.4752349039527], [127.14228372725186, 37.47431001007308], [127.14220040378034, 37.47422946236597]], [[127.14220040378034, 37.47422946236597], [127.1421282222554, 37.47302682290069], [127.14212822280716, 37.47300738071328]]]}}, {"type": "Feature", "properties": {"단지명": "위례로제비앙아파트"}, "geometry": {"type": "MultiLineString", "coordinates": [[[127.15822083424985, 37.48603115901947], [127.15809584742932, 37.48596727529175], [127.15783754129144, 37.485836730230666]], [[127.15783754129144, 37.485836730230666], [127.15786531875379, 37.48575896198306], [127.15798197899706, 37.48561175895643], [127.15799586772823, 37.48557287483262], [127.15797642591971, 37.4855423224733], [127.15765423764815, 37.48537844679565]], [[127.15765423764815, 37.48537844679565], [127.15768201440012, 37.485325675645846], [127.15768201558399, 37.4852840138161], [127.1576514637534, 37.48525068380098], [127.15723206351872, 37.48503681217354], [127.15717095796337, 37.48503681107093], [127.15714318176389, 37.48507014003354]], [[127.15714318176389, 37.48507014003354], [127.15698486519267, 37.484986813517274], [127.15697931124707, 37.484947929042605], [127.15698486771811, 37.48489793494713], [127.15697931337792, 37.48487293774904], [127.15675711443632, 37.484764612982225], [127.1566154627797, 37.484689619132666], [127.15645436592101, 37.48470350350246]], [[127.15645436592101, 37.48470350350246], [127.15644325716164, 37.4846562865616]], [[127.15644325716164, 37.4846562865616], [127.15621827643322, 37.48469794433191], [127.15617105818845, 37.48470905330121], [127.15596829774096, 37.48474793401717], [127.15586275209742, 37.4847368222915], [127.15536557168595, 37.48485624389947], [127.15489616881563, 37.48489511980458], [127.15461008347926, 37.48490344700883], [127.15432122061772, 37.48491177416304], [127.15412123832712, 37.48492843528683], [127.1539906943253, 37.48493954275283], [127.15379626661176, 37.48497286870877], [127.15370460756877, 37.484997864152916], [127.15360739331749, 37.485028414407466], [127.15357684014533, 37.4850423011328], [127.15339352095465, 37.485131176395484]], [[127.15339352095465, 37.485131176395484], [127.15326020384657, 37.48498674631392]], [[127.15326020384657, 37.48498674631392], [127.15318243203525, 37.48502562928521], [127.15297689090681, 37.48517560816391], [127.15275468281219, 37.48538946821408], [127.1525046973348, 37.48567831905645], [127.15226026667123, 37.48597550236483], [127.15216305005292, 37.486089376278606], [127.15208250150562, 37.48610048464668]], [[127.15208250150562, 37.48610048464668], [127.15205194864917, 37.48610326155078], [127.15203806118085, 37.48609770638962], [127.151654768696, 37.4858866128713], [127.15137424188288, 37.48577273214282], [127.15004938309906, 37.48504223749648], [127.14996605963016, 37.484961689789415], [127.14957999435286, 37.484583948903044], [127.14939390592158, 37.48438119130857], [127.14920226535867, 37.484075667767385], [127.14892452443218, 37.48366737682649], [127.14864956134598, 37.48324797611437], [127.1484579204666, 37.482953562394265], [127.14824128272757, 37.48262859621478]], [[127.14824128272757, 37.48262859621478], [127.14811630095463, 37.48238695534791], [127.1479802134978, 37.48198977678284], [127.14796354976619, 37.481939782286545], [127.14789690067654, 37.4815342726077], [127.14788857977439, 37.48112320907002], [127.14791080068618, 37.481098212372885]], [[127.14791080068618, 37.481098212372885], [127.14745528607372, 37.481114868889385]], [[127.14745528607372, 37.481114868889385], [127.1474330744689, 37.48081212585863]], [[127.1474330744689, 37.48081212585863], [127.14743029867884, 37.480751021791455], [127.14741641838765, 37.480492718196004], [127.14736365100785, 37.4802955179163], [127.1473414419264, 37.47990389631484], [127.14736366780681, 37.47970391993215], [127.14734423498842, 37.479356737665704], [127.14733312717456, 37.479276191260844], [127.14733035083229, 37.47923452938084], [127.14729703504037, 37.47872347699932], [127.14725815284145, 37.478612378084875], [127.1472442696315, 37.47845684033594], [127.14723594178744, 37.478290192865835], [127.14723594257606, 37.47826241831252]], [[127.14723594257606, 37.47826241831252], [127.14721094540086, 37.4782429756744], [127.1471248438531, 37.47818187010433], [127.1466776618151, 37.47819852677197], [127.14608604830674, 37.47822073574587], [127.14602494267248, 37.47822351209928], [127.14589439882822, 37.47822906465584], [127.14572774715577, 37.478234616561295], [127.14498336952285, 37.47826515514691], [127.14484449231442, 37.4782984821066], [127.14452229899196, 37.47831236357344], [127.14450285599985, 37.47832347304416]], [[127.14450285599985, 37.47832347304416], [127.14449453201895, 37.478020730263125]], [[127.14449453201895, 37.478020730263125], [127.1440973455149, 37.478034610377854]], [[127.1440973455149, 37.478034610377854], [127.14413345436809, 37.47799850410966], [127.14411679828429, 37.477679096446316], [127.14410291767553, 37.477431902671526], [127.14409736412314, 37.47737913092007], [127.14407515338274, 37.47704583587965], [127.14406404998361, 37.47680975197606], [127.14405849706192, 37.47673476058192], [127.14403628095985, 37.47659033250393], [127.14403350509032, 37.47653200589183], [127.14399462289057, 37.47642090697734], [127.14397240465966, 37.476351470193336], [127.14387797368943, 37.47617926625984], [127.14374743591581, 37.47597095475592], [127.14363633971506, 37.47580152797725], [127.14356690457971, 37.47569598342248], [127.14345858661365, 37.47550155959584], [127.14343636759419, 37.47545989736515]], [[127.14343636759419, 37.47545989736515], [127.14342248075631, 37.47543212256138], [127.14335859854276, 37.475401569400866]], [[127.14335859854276, 37.475401569400866], [127.14329749361795, 37.475379348656446], [127.14293085989075, 37.47539322932286], [127.14246423509704, 37.475412663097295], [127.14236146658399, 37.4754154386998]], [[127.14236146658399, 37.4754154386998], [127.14235313913241, 37.4752349039527]], [[127.14235313913241, 37.4752349039527], [127.14228372725186, 37.47431001007308], [127.14220040378034, 37.47422946236597]], [[127.14220040378034, 37.47422946236597], [127.1421282222554, 37.47302682290069], [127.14212822280716, 37.47300738071328]]]}}, {"type": "Feature", "properties": {"단지명": "위례우미린아파트"}, "geometry": {"type": "MultiLineString", "coordinates": [[[127.16016514272813, 37.484595249706366], [127.16005681853304, 37.48462024484941], [127.15946242418336, 37.48475910688894], [127.15942909372254, 37.484764661198106], [127.15940131878577, 37.48475355087559], [127.159065243361, 37.48457301021489]], [[127.159065243361, 37.48457301021489], [127.15902357921945, 37.48461744874819], [127.15893747325332, 37.484711880675285]], [[127.15893747325332, 37.484711880675285], [127.15887081391018, 37.48466744018724], [127.15870971989251, 37.48458133616524], [127.1587013873957, 37.48457855855956], [127.15854584850742, 37.48448967718251], [127.1582097710305, 37.4843813503604], [127.15790146762221, 37.48431468586941], [127.15777925674813, 37.48430635129819], [127.15767648855076, 37.48429801707782], [127.15762093820368, 37.48429246116479], [127.15735985043595, 37.484306343730246], [127.15734040768031, 37.48430912083474], [127.1572098632835, 37.484334115577056], [127.15683211787724, 37.48440354514403], [127.15660435970237, 37.48444242540889], [127.15648492556447, 37.48446186544109], [127.15625438962769, 37.48450907802184], [127.15610162495017, 37.48453684981863], [127.15590441963207, 37.48457295317954], [127.15570999183923, 37.484609056590585], [127.15541001753486, 37.48466460028451], [127.15532391385783, 37.48467848600754], [127.15489339649862, 37.48471180770366], [127.15430733819963, 37.48472846186172], [127.15410735590899, 37.48474512298554], [127.15397958927457, 37.48476178541228], [127.15392959366247, 37.4847673394209], [127.15373238850259, 37.484797887871444], [127.15359073345294, 37.484842324600805], [127.15348518607358, 37.48489231689224], [127.15326020384657, 37.48498674631392], [127.15318243203525, 37.48502562928521], [127.15297689090681, 37.48517560816391], [127.15275468281219, 37.48538946821408], [127.1525046973348, 37.48567831905645], [127.15226026667123, 37.48597550236483], [127.15216305005292, 37.486089376278606], [127.15208250150562, 37.48610048464668]], [[127.15208250150562, 37.48610048464668], [127.15205194864917, 37.48610326155078], [127.15203806118085, 37.48609770638962], [127.151654768696, 37.4858866128713], [127.15137424188288, 37.48577273214282], [127.15004938309906, 37.48504223749648], [127.14996605963016, 37.484961689789415], [127.14957999435286, 37.484583948903044], [127.14939390592158, 37.48438119130857], [127.14920226535867, 37.484075667767385], [127.14892452443218, 37.48366737682649], [127.14864956134598, 37.48324797611437], [127.1484579204666, 37.482953562394265], [127.14824128272757, 37.48262859621478]], [[127.14824128272757, 37.48262859621478], [127.14811630095463, 37.48238695534791], [127.1479802134978, 37.48198977678284], [127.14796354976619, 37.481939782286545], [127.14789690067654, 37.4815342726077], [127.14788857977439, 37.48112320907002], [127.14791080068618, 37.481098212372885]], [[127.14791080068618, 37.481098212372885], [127.14745528607372, 37.481114868889385]], [[127.14745528607372, 37.481114868889385], [127.1474330744689, 37.48081212585863]], [[127.1474330744689, 37.48081212585863], [127.14743029867884, 37.480751021791455], [127.14741641838765, 37.480492718196004], [127.14736365100785, 37.4802955179163], [127.1473414419264, 37.47990389631484], [127.14736366780681, 37.47970391993215], [127.14734423498842, 37.479356737665704], [127.14733312717456, 37.479276191260844], [127.14733035083229, 37.47923452938084], [127.14729703504037, 37.47872347699932], [127.14725815284145, 37.478612378084875], [127.1472442696315, 37.47845684033594], [127.14723594178744, 37.478290192865835], [127.14723594257606, 37.47826241831252]], [[127.14723594257606, 37.47826241831252], [127.14721094540086, 37.4782429756744], [127.1471248438531, 37.47818187010433], [127.1466776618151, 37.47819852677197], [127.14608604830674, 37.47822073574587], [127.14602494267248, 37.47822351209928], [127.14589439882822, 37.47822906465584], [127.14572774715577, 37.478234616561295], [127.14498336952285, 37.47826515514691], [127.14484449231442, 37.4782984821066], [127.14452229899196, 37.47831236357344], [127.14450285599985, 37.47832347304416]], [[127.14450285599985, 37.47832347304416], [127.14449453201895, 37.478020730263125]], [[127.14449453201895, 37.478020730263125], [127.1440973455149, 37.478034610377854]], [[127.1440973455149, 37.478034610377854], [127.14413345436809, 37.47799850410966], [127.14411679828429, 37.477679096446316], [127.14410291767553, 37.477431902671526], [127.14409736412314, 37.47737913092007], [127.14407515338274, 37.47704583587965], [127.14406404998361, 37.47680975197606], [127.14405849706192, 37.47673476058192], [127.14403628095985, 37.47659033250393], [127.14403350509032, 37.47653200589183], [127.14399462289057, 37.47642090697734], [127.14397240465966, 37.476351470193336], [127.14387797368943, 37.47617926625984], [127.14374743591581, 37.47597095475592], [127.14363633971506, 37.47580152797725], [127.14356690457971, 37.47569598342248], [127.14345858661365, 37.47550155959584], [127.14343636759419, 37.47545989736515]], [[127.14343636759419, 37.47545989736515], [127.14342248075631, 37.47543212256138], [127.14335859854276, 37.475401569400866]], [[127.14335859854276, 37.475401569400866], [127.14329749361795, 37.475379348656446], [127.14293085989075, 37.47539322932286], [127.14246423509704, 37.475412663097295], [127.14236146658399, 37.4754154386998]], [[127.14236146658399, 37.4754154386998], [127.14235313913241, 37.4752349039527]], [[127.14235313913241, 37.4752349039527], [127.14228372725186, 37.47431001007308], [127.14220040378034, 37.47422946236597]], [[127.14220040378034, 37.47422946236597], [127.1421282222554, 37.47302682290069], [127.14212822280716, 37.47300738071328]]]}}, {"type": "Feature", "properties": {"단지명": "위례포레자이아파트"}, "geometry": {"type": "MultiLineString", "coordinates": [[[127.16060951022196, 37.48588121953958], [127.16074560943267, 37.48586455726391]], [[127.16074560943267, 37.48586455726391], [127.16083727139689, 37.48573679597348]], [[127.16083727139689, 37.48573679597348], [127.1606095181155, 37.48560347400777], [127.16047064374759, 37.485536812573784], [127.15996236483635, 37.4852479480476], [127.15966517413392, 37.485089627731064], [127.15939298076398, 37.48494519514231], [127.15905135005207, 37.48477298674735], [127.15893747325332, 37.484711880675285], [127.15887081391018, 37.48466744018724], [127.15870971989251, 37.48458133616524], [127.1587013873957, 37.48457855855956], [127.15854584850742, 37.48448967718251], [127.1582097710305, 37.4843813503604], [127.15790146762221, 37.48431468586941], [127.15777925674813, 37.48430635129819], [127.15767648855076, 37.48429801707782], [127.15762093820368, 37.48429246116479], [127.15735985043595, 37.484306343730246], [127.15734040768031, 37.48430912083474], [127.1572098632835, 37.484334115577056], [127.15683211787724, 37.48440354514403], [127.15660435970237, 37.48444242540889], [127.15648492556447, 37.48446186544109], [127.15625438962769, 37.48450907802184], [127.15610162495017, 37.48453684981863], [127.15590441963207, 37.48457295317954], [127.15570999183923, 37.484609056590585], [127.15541001753486, 37.48466460028451], [127.15532391385783, 37.48467848600754], [127.15489339649862, 37.48471180770366], [127.15430733819963, 37.48472846186172], [127.15410735590899, 37.48474512298554], [127.15397958927457, 37.48476178541228], [127.15392959366247, 37.4847673394209], [127.15373238850259, 37.484797887871444], [127.15359073345294, 37.484842324600805], [127.15348518607358, 37.48489231689224], [127.15326020384657, 37.48498674631392], [127.15318243203525, 37.48502562928521], [127.15297689090681, 37.48517560816391], [127.15275468281219, 37.48538946821408], [127.1525046973348, 37.48567831905645], [127.15226026667123, 37.48597550236483], [127.15216305005292, 37.486089376278606], [127.15208250150562, 37.48610048464668]], [[127.15208250150562, 37.48610048464668], [127.15205194864917, 37.48610326155078], [127.15203806118085, 37.48609770638962], [127.151654768696, 37.4858866128713], [127.15137424188288, 37.48577273214282], [127.15004938309906, 37.48504223749648], [127.14996605963016, 37.484961689789415], [127.14957999435286, 37.484583948903044], [127.14939390592158, 37.48438119130857], [127.14920226535867, 37.484075667767385], [127.14892452443218, 37.48366737682649], [127.14864956134598, 37.48324797611437], [127.1484579204666, 37.482953562394265], [127.14824128272757, 37.48262859621478]], [[127.14824128272757, 37.48262859621478], [127.14811630095463, 37.48238695534791], [127.1479802134978, 37.48198977678284], [127.14796354976619, 37.481939782286545], [127.14789690067654, 37.4815342726077], [127.14788857977439, 37.48112320907002], [127.14791080068618, 37.481098212372885]], [[127.14791080068618, 37.481098212372885], [127.14745528607372, 37.481114868889385]], [[127.14745528607372, 37.481114868889385], [127.1474330744689, 37.48081212585863]], [[127.1474330744689, 37.48081212585863], [127.14743029867884, 37.480751021791455], [127.14741641838765, 37.480492718196004], [127.14736365100785, 37.4802955179163], [127.1473414419264, 37.47990389631484], [127.14736366780681, 37.47970391993215], [127.14734423498842, 37.479356737665704], [127.14733312717456, 37.479276191260844], [127.14733035083229, 37.47923452938084], [127.14729703504037, 37.47872347699932], [127.14725815284145, 37.478612378084875], [127.1472442696315, 37.47845684033594], [127.14723594178744, 37.478290192865835], [127.14723594257606, 37.47826241831252]], [[127.14723594257606, 37.47826241831252], [127.14721094540086, 37.4782429756744], [127.1471248438531, 37.47818187010433], [127.1466776618151, 37.47819852677197], [127.14608604830674, 37.47822073574587], [127.14602494267248, 37.47822351209928], [127.14589439882822, 37.47822906465584], [127.14572774715577, 37.478234616561295], [127.14498336952285, 37.47826515514691], [127.14484449231442, 37.4782984821066], [127.14452229899196, 37.47831236357344], [127.14450285599985, 37.47832347304416]], [[127.14450285599985, 37.47832347304416], [127.14449453201895, 37.478020730263125]], [[127.14449453201895, 37.478020730263125], [127.1440973455149, 37.478034610377854]], [[127.1440973455149, 37.478034610377854], [127.14413345436809, 37.47799850410966], [127.14411679828429, 37.477679096446316], [127.14410291767553, 37.477431902671526], [127.14409736412314, 37.47737913092007], [127.14407515338274, 37.47704583587965], [127.14406404998361, 37.47680975197606], [127.14405849706192, 37.47673476058192], [127.14403628095985, 37.47659033250393], [127.14403350509032, 37.47653200589183], [127.14399462289057, 37.47642090697734], [127.14397240465966, 37.476351470193336], [127.14387797368943, 37.47617926625984], [127.14374743591581, 37.47597095475592], [127.14363633971506, 37.47580152797725], [127.14356690457971, 37.47569598342248], [127.14345858661365, 37.47550155959584], [127.14343636759419, 37.47545989736515]], [[127.14343636759419, 37.47545989736515], [127.14342248075631, 37.47543212256138], [127.14335859854276, 37.475401569400866]], [[127.14335859854276, 37.475401569400866], [127.14329749361795, 37.475379348656446], [127.14293085989075, 37.47539322932286], [127.14246423509704, 37.475412663097295], [127.14236146658399, 37.4754154386998]], [[127.14236146658399, 37.4754154386998], [127.14235313913241, 37.4752349039527]], [[127.14235313913241, 37.4752349039527], [127.14228372725186, 37.47431001007308], [127.14220040378034, 37.47422946236597]], [[127.14220040378034, 37.47422946236597], [127.1421282222554, 37.47302682290069], [127.14212822280716, 37.47300738071328]]]}}]}